School,Overall G,Overall W,Overall L,Overall W-L%,Overall SRS,Overall SOS,Conf. W,Conf. L,Home W,Home L,Away W,Away L,Points Tm.,Points Opp.,School Totals MP,School Totals FG,School Totals FGA,School Totals FG%,School Totals 3P,School Totals 3PA,School Totals 3P%,School Totals FT,School Totals FTA,School Totals FT%,School Totals ORB,School Totals TRB,School Totals AST,School Totals STL,School Totals BLK,School Totals TOV,School Totals PF
Abilene Christian,20,11,9,.550,-3.43,-3.18,6,3,8,2,3,7,1508,1292,815,523,1186,.441,132,439,.301,330,442,.747,227,675,301,188,51,291,419
Air Force,22,9,13,.409,0.68,1.44,3,7,6,5,3,5,1653,1612,880,553,1196,.462,194,502,.386,353,464,.761,159,717,317,110,37,270,368
Akron,21,16,5,.762,8.36,-0.70,6,2,10,2,5,2,1623,1384,840,552,1226,.450,211,537,.393,308,399,.772,207,787,299,105,63,282,360
Alabama A&M,18,5,13,.278,-17.15,-6.43,2,5,4,1,1,11,1144,1337,725,425,1102,.386,99,370,.268,195,283,.689,181,622,198,116,39,211,311
Alabama-Birmingham,22,13,9,.591,-1.45,-1.25,4,5,8,4,3,5,1436,1395,880,528,1197,.441,114,363,.314,266,380,.700,250,841,223,124,64,328,354
Alabama State,20,3,17,.150,-17.31,-2.61,2,5,1,1,0,13,1207,1501,800,426,1092,.390,126,410,.307,229,361,.634,164,602,197,120,34,294,394
Alabama,20,12,8,.600,12.48,7.28,4,3,8,1,2,5,1649,1545,810,553,1257,.440,207,589,.351,336,471,.713,221,819,279,125,95,310,389
Albany (NY),22,12,10,.545,-6.98,-6.41,5,2,6,3,4,7,1505,1491,885,508,1211,.419,171,510,.335,318,438,.726,177,769,287,123,60,312,379
Alcorn State,19,10,9,.526,-11.34,-6.07,6,2,7,1,3,8,1469,1363,765,515,1201,.429,192,488,.393,247,331,.746,231,743,274,168,60,274,334
American,20,10,10,.500,-6.01,-5.71,6,3,6,3,4,7,1437,1443,805,528,1166,.453,142,412,.345,239,338,.707,178,650,261,146,67,251,356
Appalachian State,22,12,10,.545,-0.54,-0.14,6,5,6,3,5,6,1512,1461,885,522,1222,.427,144,466,.309,324,491,.660,228,805,248,164,53,298,352
Arizona State,20,12,8,.600,10.57,6.82,3,4,8,2,3,3,1447,1372,800,528,1248,.423,135,441,.306,256,383,.668,205,735,223,159,71,261,369
Arizona,20,14,6,.700,21.86,7.46,4,3,10,1,1,4,1609,1321,805,568,1199,.474,154,407,.378,319,433,.737,206,757,330,133,77,238,364
Little Rock,23,16,7,.696,2.67,-1.29,10,2,9,2,7,5,1635,1530,920,571,1227,.465,133,397,.335,360,514,.700,233,840,331,165,81,380,427
Arkansas-Pine Bluff,19,3,16,.158,-20.83,-1.45,2,5,1,2,2,14,1011,1352,760,370,925,.400,73,255,.286,198,326,.607,157,580,182,147,60,351,376
Arkansas State,23,15,8,.652,-1.92,-1.16,7,5,10,4,5,4,1621,1610,930,535,1211,.442,136,381,.357,415,590,.703,221,754,334,159,69,297,466
Arkansas,20,15,5,.750,15.58,5.28,3,4,11,2,3,3,1485,1279,810,516,1164,.443,147,472,.311,306,420,.729,146,659,251,168,87,241,375
Army,20,10,10,.500,-9.52,-6.42,5,4,5,4,5,6,1413,1435,805,550,1145,.480,145,447,.324,168,283,.594,128,673,337,110,33,257,303
Auburn,20,18,2,.900,15.33,4.63,5,2,11,0,3,2,1585,1371,815,538,1215,.443,164,522,.314,345,517,.667,267,823,271,128,109,267,370
Austin Peay,22,15,7,.682,0.41,-3.79,9,0,10,0,4,6,1733,1587,880,607,1292,.470,161,449,.359,358,483,.741,254,767,307,152,70,281,407
Ball State,20,11,9,.550,4.80,-1.62,4,3,6,3,3,4,1413,1247,800,505,1166,.433,181,544,.333,222,341,.651,192,722,282,144,71,261,308
Baylor,19,18,1,.947,20.24,6.18,7,0,9,0,5,0,1375,1108,760,493,1148,.429,146,423,.345,243,340,.715,260,738,260,150,88,224,306
Belmont,22,15,7,.682,4.01,-6.52,6,3,8,1,7,5,1796,1526,880,676,1422,.475,230,633,.363,214,303,.706,206,872,418,143,74,274,341
Bethune-Cookman,21,10,11,.476,-10.07,-6.24,4,3,5,1,3,10,1591,1556,840,561,1287,.436,130,391,.332,339,478,.709,241,801,267,152,56,323,419
Binghamton,21,8,13,.381,-15.46,-4.30,2,6,6,4,2,9,1466,1604,845,533,1277,.417,203,607,.334,197,275,.716,217,752,249,97,69,283,331
Boise State,22,14,8,.636,8.39,3.10,6,4,10,1,2,6,1745,1557,905,593,1278,.464,191,530,.360,368,492,.748,181,759,291,129,34,272,371
Boston College,21,10,11,.476,1.53,5.39,4,6,7,6,2,5,1354,1435,840,484,1204,.402,142,475,.299,244,378,.646,193,695,259,181,59,287,329
Boston University,22,12,10,.545,-2.11,-4.40,6,3,7,2,5,6,1587,1511,890,603,1310,.460,148,460,.322,233,356,.654,220,788,278,125,42,254,340
Bowling Green State,21,16,5,.762,1.35,-0.80,7,1,10,1,3,1,1581,1497,850,567,1347,.421,167,503,.332,280,378,.741,238,852,268,120,52,220,373
Bradley,22,15,7,.682,6.87,0.10,6,3,12,1,2,5,1596,1421,880,568,1294,.439,156,408,.382,304,418,.727,265,884,315,110,90,270,354
Brigham Young,23,16,7,.696,16.53,6.76,5,3,10,1,2,5,1836,1586,935,687,1367,.503,243,574,.423,219,309,.709,146,761,393,128,41,261,381
Brown,15,7,8,.467,-4.04,0.67,0,2,6,2,1,6,1027,1067,600,362,884,.410,113,354,.319,190,276,.688,199,601,199,98,71,254,269
Bryant,21,10,11,.476,-4.18,-4.83,2,6,6,4,4,7,1503,1441,845,535,1277,.419,203,605,.336,230,345,.667,235,811,298,162,94,302,410
Bucknell,22,9,13,.409,-7.37,-2.91,5,4,6,2,2,9,1523,1621,880,535,1265,.423,178,519,.343,275,379,.726,194,715,261,158,80,304,426
Buffalo,21,14,7,.667,1.92,-0.03,5,3,7,4,4,2,1669,1593,840,618,1399,.442,179,539,.332,254,386,.658,305,879,337,175,93,299,385
Butler,21,17,4,.810,16.45,6.74,5,3,10,1,4,3,1456,1252,845,528,1133,.466,146,412,.354,254,350,.726,180,747,279,104,58,242,350
Cal Poly,20,5,15,.250,-10.53,1.69,2,4,5,3,0,10,1304,1477,805,457,1094,.418,130,372,.349,260,382,.681,156,634,196,126,50,284,395
Cal State Bakersfield,22,10,12,.455,-4.85,-1.27,4,3,7,5,3,7,1566,1514,905,580,1314,.441,119,352,.338,287,417,.688,299,848,268,148,69,303,476
Cal State Fullerton,22,8,14,.364,-6.69,-0.94,3,4,3,6,4,7,1474,1518,885,522,1219,.428,140,423,.331,290,429,.676,170,741,252,127,69,286,393
Cal State Northridge,23,9,14,.391,-8.01,-0.67,4,3,6,3,3,10,1726,1811,920,622,1381,.450,180,493,.365,302,423,.714,205,759,325,141,67,278,412
California Baptist,21,15,6,.714,-0.53,-6.70,5,2,11,4,4,2,1669,1451,845,567,1260,.450,196,539,.364,339,438,.774,233,858,312,88,73,282,375
UC-Davis,22,8,14,.364,-5.95,-1.55,2,4,4,3,3,9,1575,1557,890,560,1236,.453,173,465,.372,282,367,.768,166,682,285,132,41,286,406
UC-Irvine,22,13,9,.591,3.11,-0.64,5,1,7,1,4,7,1621,1443,880,602,1304,.462,125,394,.317,292,397,.736,256,898,320,145,84,312,420
UC-Riverside,23,14,9,.609,-3.39,-4.39,4,3,10,2,4,7,1539,1415,920,554,1252,.442,194,547,.355,237,345,.687,211,852,301,113,53,306,405
UC-Santa Barbara,21,13,8,.619,-2.06,-4.75,2,4,8,3,5,5,1501,1410,845,528,1127,.469,135,399,.338,310,412,.752,216,725,277,97,53,257,357
University of California,20,9,11,.450,2.09,7.19,3,4,9,3,0,5,1262,1364,810,449,1061,.423,102,297,.343,262,362,.724,167,661,189,83,49,263,373
Campbell,21,11,10,.524,-9.04,-7.83,2,7,5,4,5,5,1460,1406,845,535,1180,.453,165,490,.337,225,302,.745,160,633,314,173,55,277,376
Canisius,20,8,12,.400,-5.43,-4.33,3,6,5,2,2,9,1394,1416,800,505,1135,.445,120,391,.307,264,381,.693,200,664,285,159,52,319,402
Central Arkansas,21,6,15,.286,-11.34,0.36,5,5,6,3,0,11,1576,1790,865,518,1245,.416,163,504,.323,377,531,.710,220,797,302,113,120,383,444
Central Connecticut State,23,2,21,.087,-22.85,-3.71,1,9,2,7,0,12,1424,1811,920,509,1305,.390,145,419,.346,261,399,.654,196,715,234,153,72,337,428
Central Florida,20,11,9,.550,5.19,3.09,2,6,7,4,2,4,1373,1331,800,498,1175,.424,135,433,.312,242,343,.706,216,726,276,123,64,267,321
Central Michigan,19,11,8,.579,-1.31,0.13,4,2,10,1,1,7,1563,1443,760,547,1239,.441,154,461,.334,315,433,.727,220,715,233,185,46,242,286
Charleston Southern,21,11,10,.524,-12.51,-5.14,5,4,6,4,5,5,1469,1525,850,532,1225,.434,164,502,.327,241,337,.715,184,690,284,135,52,293,346
Charlotte,20,12,8,.600,2.00,-2.40,6,3,10,1,2,7,1346,1258,810,466,1014,.460,124,360,.344,290,405,.716,127,644,233,160,72,286,306
Chattanooga,22,14,8,.636,-0.72,-2.42,5,4,8,1,4,7,1598,1486,885,584,1289,.453,194,536,.362,236,348,.678,214,791,327,104,33,275,341
Chicago State,22,4,18,.182,-29.33,-2.48,0,7,3,7,1,9,1405,1847,880,474,1156,.410,129,394,.327,328,453,.724,174,674,237,117,62,390,453
Cincinnati,20,13,7,.650,12.97,5.17,6,2,9,1,2,4,1453,1297,815,516,1150,.449,130,409,.318,291,425,.685,219,765,302,135,86,294,360
Citadel,20,6,14,.300,-12.06,-1.35,0,9,3,7,3,7,1569,1594,815,551,1267,.435,194,590,.329,273,389,.702,193,741,310,145,51,316,360
Clemson,20,11,9,.550,10.05,6.95,5,5,9,4,1,4,1368,1306,815,488,1134,.430,168,523,.321,224,337,.665,171,683,269,143,50,250,301
Cleveland State,23,9,14,.391,-11.22,-1.91,5,5,6,5,1,9,1466,1646,920,513,1242,.413,84,286,.294,356,520,.685,262,810,257,184,62,373,466
Coastal Carolina,22,11,11,.500,-0.33,-0.33,4,7,7,7,4,3,1715,1644,880,604,1360,.444,170,491,.346,337,486,.693,306,906,292,182,73,362,466
Colgate,22,16,6,.727,0.32,-3.63,7,2,9,1,6,5,1654,1532,885,601,1337,.450,226,636,.355,226,293,.771,201,786,316,119,57,250,339
College of Charleston,22,13,9,.591,2.42,-0.20,7,3,7,4,5,3,1573,1492,880,546,1240,.440,164,481,.341,317,413,.768,188,755,238,138,58,245,384
Colorado State,23,15,8,.652,7.45,4.32,6,4,9,3,3,4,1738,1644,940,611,1299,.470,183,511,.358,331,490,.676,193,806,358,157,42,300,344
Colorado,21,16,5,.762,17.12,7.41,5,3,10,2,2,3,1510,1306,845,509,1166,.437,157,431,.364,335,454,.738,223,795,291,135,67,293,300
Columbia,18,6,12,.333,-9.09,-4.97,1,1,5,1,0,10,1203,1243,725,439,1070,.410,142,434,.327,183,257,.712,144,648,226,98,67,223,265
Connecticut,20,11,9,.550,9.50,3.45,2,5,9,3,0,4,1423,1302,825,496,1196,.415,134,421,.318,297,409,.726,246,767,260,131,136,279,374
Coppin State,22,6,16,.273,-13.03,-4.76,2,5,3,4,3,12,1487,1669,885,527,1360,.388,176,650,.271,257,413,.622,221,847,213,148,56,312,416
Cornell,15,4,11,.267,-9.33,-2.94,1,1,4,2,0,9,1002,1016,605,369,870,.424,102,363,.281,162,232,.698,154,531,224,101,47,175,228
Creighton,21,16,5,.762,14.48,7.33,5,3,12,1,3,3,1629,1449,845,574,1241,.463,193,521,.370,288,394,.731,174,746,311,135,47,233,329
Dartmouth,17,7,10,.412,-4.47,-3.66,0,2,3,3,3,6,1137,1101,690,417,952,.438,127,395,.322,176,268,.657,125,615,216,81,40,213,298
Davidson,20,10,10,.500,6.45,2.95,4,4,6,1,3,5,1435,1365,825,507,1147,.442,181,517,.350,240,315,.762,164,658,262,117,52,220,333
Dayton,21,19,2,.905,20.11,3.49,8,0,11,0,5,0,1737,1388,855,643,1217,.528,182,484,.376,269,371,.725,177,737,392,133,80,274,351
Delaware State,19,2,17,.105,-22.76,-5.47,1,4,2,7,0,9,1333,1592,760,466,1175,.397,138,457,.302,263,385,.683,196,654,202,144,36,307,393
Delaware,22,15,7,.682,-2.33,-4.42,5,4,6,2,5,4,1625,1535,885,597,1243,.480,169,474,.357,262,350,.749,159,746,287,121,72,282,364
Denver,23,5,18,.217,-10.65,-1.93,1,8,4,7,0,10,1566,1741,925,558,1264,.441,119,357,.333,331,483,.685,154,750,250,133,49,314,473
DePaul,21,13,8,.619,9.97,5.97,1,7,9,5,4,3,1546,1437,850,560,1249,.448,127,394,.322,299,452,.662,246,813,295,183,116,318,412
Detroit Mercy,22,6,16,.273,-8.61,-0.79,4,5,4,4,1,11,1519,1691,880,503,1310,.384,193,602,.321,320,402,.796,247,796,238,130,73,301,375
Drake,22,15,7,.682,1.25,-0.75,5,4,11,0,2,6,1543,1440,880,569,1234,.461,167,483,.346,238,339,.702,169,757,349,128,78,289,360
Drexel,22,12,10,.545,-4.11,-1.97,5,4,9,2,1,8,1511,1523,885,538,1230,.437,163,462,.353,272,384,.708,237,794,315,130,66,347,346
Duke,20,17,3,.850,25.80,7.15,7,2,10,2,4,1,1654,1281,805,612,1261,.485,149,409,.364,281,418,.672,261,795,331,180,127,265,337
Duquesne,20,15,5,.750,7.31,-0.15,5,3,8,1,2,2,1413,1264,805,497,1125,.442,151,477,.317,268,366,.732,194,702,275,141,115,259,299
East Carolina,21,9,12,.429,-3.20,-0.82,3,5,8,4,0,6,1446,1496,840,498,1194,.417,119,416,.286,331,464,.713,214,756,294,137,70,288,435
East Tennessee State,22,18,4,.818,6.70,-1.04,7,2,12,1,6,3,1673,1372,880,595,1273,.467,167,503,.332,316,470,.672,252,797,309,197,88,267,384
Eastern Illinois,21,11,10,.524,-4.48,-7.48,4,5,7,0,3,9,1585,1435,840,584,1277,.457,139,402,.346,278,409,.680,234,787,290,164,95,270,350
Eastern Kentucky,22,10,12,.455,-11.82,-3.97,7,2,7,3,3,7,1662,1697,880,577,1415,.408,191,583,.328,317,437,.725,233,735,280,208,48,312,406
Eastern Michigan,20,10,10,.500,-5.75,1.00,0,7,6,3,2,7,1301,1267,800,446,1074,.415,117,414,.283,292,457,.639,202,702,201,219,68,310,343
Eastern Washington,19,13,6,.684,-0.03,-0.62,6,2,8,1,5,5,1585,1436,770,583,1253,.465,175,510,.343,244,365,.668,205,744,339,149,79,249,371
Elon,23,6,17,.261,-10.64,-1.49,2,8,6,7,0,10,1568,1673,925,541,1335,.405,227,639,.355,259,356,.728,198,775,311,116,42,275,446
Evansville,22,9,13,.409,-7.66,-0.76,0,9,5,5,3,6,1523,1650,905,524,1231,.426,172,531,.324,303,421,.720,161,722,271,101,48,290,354
Fairfield,19,8,11,.421,-6.71,-4.40,4,4,3,4,4,5,1163,1207,775,420,1017,.413,99,304,.326,224,322,.696,187,660,187,101,56,268,302
Fairleigh Dickinson,20,5,15,.250,-12.83,-4.20,3,6,3,3,2,12,1391,1506,810,513,1170,.438,131,406,.323,234,327,.716,192,665,219,121,68,259,326
Florida A&M,19,6,13,.316,-12.03,-2.13,4,4,3,0,3,11,1224,1412,765,457,1110,.412,71,252,.282,239,375,.637,210,638,182,143,35,293,360
Florida Atlantic,22,13,9,.591,-2.08,-2.19,5,4,11,2,2,7,1568,1501,890,560,1313,.427,192,565,.340,256,369,.694,237,811,270,154,46,294,376
Florida Gulf Coast,23,7,16,.304,-11.23,-3.33,4,4,5,7,2,9,1423,1553,930,518,1286,.403,167,536,.312,220,319,.690,237,795,297,146,93,373,374
Florida International,22,14,8,.636,-0.75,-2.80,5,4,9,1,4,6,1746,1626,885,624,1364,.457,215,585,.368,283,424,.667,223,797,340,206,147,334,394
Florida State,20,17,3,.850,15.82,5.27,7,2,10,0,4,3,1500,1289,810,540,1181,.457,152,427,.356,268,350,.766,208,666,270,195,111,264,347
Florida,20,12,8,.600,14.42,8.42,4,3,7,3,1,4,1464,1344,810,516,1146,.450,135,407,.332,297,412,.721,219,732,233,124,81,239,354
Fordham,20,7,13,.350,-5.09,-2.74,1,7,6,7,0,4,1166,1213,815,415,1090,.381,146,453,.322,190,310,.613,176,663,231,153,57,254,337
Fresno State,21,7,14,.333,1.77,3.47,3,7,4,5,3,8,1433,1422,860,494,1200,.412,189,573,.330,256,358,.715,241,776,248,110,80,267,359
Furman,23,18,5,.783,7.09,-1.41,8,2,10,1,7,4,1788,1526,930,650,1362,.477,223,634,.352,265,380,.697,188,746,351,187,65,272,345
Gardner-Webb,20,8,12,.400,-7.61,-3.05,4,4,3,4,3,8,1406,1450,830,485,1147,.423,155,443,.350,281,409,.687,202,706,271,127,85,266,328
George Mason,21,13,8,.619,0.85,0.33,2,6,9,4,1,4,1433,1422,845,509,1225,.416,129,419,.308,286,406,.704,252,795,230,137,104,261,337
George Washington,21,10,11,.476,-1.87,-2.10,4,4,7,5,1,5,1453,1448,860,504,1180,.427,167,498,.335,278,383,.726,177,721,263,114,96,248,345
Georgetown,21,12,9,.571,11.97,7.73,2,6,9,4,2,4,1623,1534,840,577,1285,.449,131,372,.352,338,444,.761,258,836,328,134,95,289,342
Georgia Southern,22,13,9,.591,0.93,-1.13,7,4,9,1,3,7,1683,1558,880,588,1365,.431,196,586,.334,311,449,.693,226,784,276,181,99,276,363
Georgia State,22,15,7,.682,5.55,0.90,8,3,9,0,5,7,1739,1547,890,618,1389,.445,195,510,.382,308,430,.716,264,826,326,193,94,314,461
Georgia Tech,21,10,11,.476,8.80,8.95,4,6,5,6,4,4,1423,1398,850,533,1188,.449,106,362,.293,251,378,.664,193,749,285,156,104,345,382
Georgia,20,11,9,.550,8.14,6.56,1,6,9,2,2,5,1527,1494,810,553,1229,.450,136,454,.300,285,417,.683,247,770,282,152,69,294,371
Gonzaga,23,22,1,.957,23.41,1.19,8,0,13,0,7,0,2044,1533,925,740,1458,.508,186,484,.384,378,561,.674,277,955,411,182,100,251,330
Grambling,20,9,11,.450,-12.69,-4.75,3,4,6,2,3,8,1454,1416,800,546,1204,.453,96,335,.287,266,398,.668,218,749,264,147,76,291,392
Grand Canyon,21,9,12,.429,-4.99,-2.84,4,3,5,6,3,3,1453,1505,845,515,1172,.439,120,382,.314,303,398,.761,165,696,246,105,27,248,339
Green Bay,22,10,12,.455,-5.93,-1.58,5,4,6,4,4,8,1802,1776,885,655,1418,.462,185,487,.380,307,409,.751,208,773,379,163,66,275,409
Hampton,20,9,11,.450,-13.36,-3.24,4,3,8,3,1,8,1564,1601,805,553,1193,.464,120,362,.331,338,499,.677,214,729,300,111,90,258,388
Hartford,22,12,10,.545,-7.68,-5.73,5,2,7,5,5,5,1465,1482,880,515,1230,.419,169,500,.338,266,380,.700,167,743,285,169,57,308,386
Harvard,17,13,4,.765,3.98,-1.03,2,0,6,0,6,1,1250,1113,685,443,959,.462,124,365,.340,240,335,.716,169,634,206,119,92,250,288
Hawaii,19,13,6,.684,1.78,-0.50,4,1,12,3,1,3,1346,1288,760,476,1081,.440,145,423,.343,249,359,.694,184,657,276,99,46,259,339
High Point,22,6,16,.273,-17.57,-3.47,3,6,3,7,3,9,1425,1664,890,476,1209,.394,139,450,.309,334,468,.714,260,762,264,110,77,331,405
Hofstra,23,16,7,.696,0.38,-4.39,7,3,6,3,8,4,1757,1610,920,614,1380,.445,177,503,.352,352,455,.774,242,814,281,162,42,268,346
Holy Cross,22,3,19,.136,-16.79,-3.65,2,7,2,7,0,11,1492,1771,895,558,1267,.440,167,487,.343,209,314,.666,198,713,275,105,59,321,410
Houston Baptist,18,1,17,.056,-18.92,-0.58,1,8,1,5,0,11,1475,1805,725,508,1163,.437,146,396,.369,313,435,.720,231,646,231,97,36,293,389
Houston,21,17,4,.810,14.85,4.27,7,1,9,2,5,2,1556,1334,840,542,1255,.432,139,413,.337,333,465,.716,302,894,279,104,116,253,404
Howard,22,2,20,.091,-21.27,-4.62,0,7,1,10,1,9,1533,1811,890,548,1334,.411,159,479,.332,278,402,.692,227,731,284,134,66,293,402
Idaho State,19,6,13,.316,-8.45,-1.16,3,7,4,5,2,8,1297,1330,770,468,1031,.454,127,363,.350,234,370,.632,196,648,242,91,47,273,310
Idaho,19,5,14,.263,-10.64,-2.23,1,7,4,6,0,7,1249,1336,765,473,1080,.438,87,285,.305,216,319,.677,154,664,232,107,47,255,320
Illinois-Chicago,23,10,13,.435,-6.03,-2.53,5,5,6,5,3,8,1567,1641,925,568,1294,.439,178,521,.342,253,370,.684,210,824,333,127,95,362,434
Illinois State,21,7,14,.333,-2.50,2.15,2,7,7,4,0,7,1388,1462,840,514,1200,.428,167,470,.355,193,288,.670,195,703,262,118,53,290,346
Illinois,21,16,5,.762,16.24,7.54,8,2,12,1,4,3,1567,1341,845,568,1240,.458,113,366,.309,318,431,.738,266,855,290,97,65,270,332
Incarnate Word,20,5,15,.250,-20.86,-6.03,2,7,4,6,1,9,1310,1476,805,473,1160,.408,117,397,.295,247,344,.718,210,667,250,143,49,299,379
Indiana State,20,12,8,.600,3.74,2.01,5,4,9,0,1,6,1390,1350,805,494,1082,.457,144,374,.385,258,374,.690,155,646,259,118,65,237,344
Indiana,21,15,6,.714,14.93,7.93,5,5,12,2,1,4,1543,1396,845,544,1201,.453,108,354,.305,347,509,.682,252,829,280,119,92,280,358
Iona,15,5,10,.333,-9.40,-4.66,3,5,2,4,1,5,1040,1111,610,360,847,.425,126,390,.323,194,264,.735,128,500,196,122,56,230,287
Iowa State,20,9,11,.450,10.73,7.88,2,5,8,4,0,5,1501,1444,805,547,1235,.443,151,486,.311,256,348,.736,209,712,309,155,88,250,306
Iowa,21,15,6,.714,17.06,8.30,6,4,10,1,3,3,1663,1479,840,580,1293,.449,169,482,.351,334,450,.742,258,820,374,132,81,251,326
Purdue-Fort Wayne,23,10,13,.435,-8.24,-2.94,3,5,8,3,2,10,1606,1631,920,594,1375,.432,202,604,.334,216,321,.673,248,826,292,159,65,319,354
IUPUI,23,6,17,.261,-14.22,-3.22,2,8,3,6,3,9,1590,1784,925,565,1372,.412,176,522,.337,284,443,.641,260,842,306,152,64,338,413
Jackson State,20,6,14,.300,-13.49,-2.77,3,4,4,3,2,11,1313,1441,800,488,1194,.409,95,375,.253,242,355,.682,195,619,230,170,75,259,397
Jacksonville State,22,9,13,.409,-7.52,-5.27,4,5,5,5,3,7,1597,1508,885,587,1315,.446,169,497,.340,254,371,.685,231,811,308,145,59,317,360
Jacksonville,23,10,13,.435,-6.10,-5.14,3,5,4,5,5,6,1517,1505,935,546,1297,.421,154,494,.312,271,408,.664,227,880,262,117,53,323,347
James Madison,21,8,13,.381,-8.86,-2.56,1,9,5,6,3,7,1546,1624,840,526,1272,.414,173,529,.327,321,496,.647,219,833,263,126,73,279,377
Kansas State,20,9,11,.450,8.70,6.55,2,5,8,3,1,4,1311,1268,805,461,1106,.417,146,442,.330,243,371,.655,208,679,271,173,53,287,366
Kansas,20,17,3,.850,25.90,11.12,6,1,8,1,6,1,1519,1208,805,558,1142,.489,138,392,.352,265,401,.661,212,773,299,161,98,260,297
Kennesaw State,21,1,20,.048,-22.26,-2.02,0,8,1,6,0,12,1183,1608,840,408,1153,.354,89,347,.256,278,396,.702,219,699,168,110,41,330,354
Kent State,21,15,6,.714,5.25,-1.44,5,3,9,1,5,3,1644,1448,850,595,1300,.458,191,532,.359,263,356,.739,220,758,299,157,99,252,389
Kentucky,20,16,4,.800,15.45,5.00,6,1,12,1,3,1,1509,1300,810,523,1131,.462,96,297,.323,367,474,.774,201,769,291,106,102,261,360
La Salle,20,10,10,.500,0.17,1.32,1,7,5,5,2,5,1378,1401,815,487,1165,.418,163,482,.338,241,364,.662,216,722,265,159,74,310,396
Lafayette,20,13,7,.650,-3.77,-5.56,5,4,6,3,7,4,1461,1387,800,536,1133,.473,193,514,.375,196,263,.745,143,693,328,89,81,252,275
Lamar,21,10,11,.476,-8.06,-5.11,4,6,6,4,4,7,1485,1430,850,545,1248,.437,114,360,.317,281,413,.680,248,757,276,204,103,335,366
Lehigh,21,5,16,.238,-11.72,-2.35,2,7,4,4,1,12,1422,1544,845,540,1218,.443,115,347,.331,227,306,.742,182,713,252,120,52,296,382
Liberty,23,20,3,.870,6.45,-6.17,6,2,10,0,4,3,1564,1194,920,565,1189,.475,176,480,.367,258,366,.705,174,778,297,128,67,220,311
Lipscomb,21,8,13,.381,-8.74,-3.53,3,5,5,4,3,9,1499,1525,845,547,1249,.438,158,464,.341,247,361,.684,205,735,281,118,53,275,328
Cal State Long Beach,22,7,15,.318,-8.63,3.12,2,4,5,4,1,9,1497,1685,880,543,1242,.437,137,377,.363,274,400,.685,199,742,243,137,86,375,401
Long Island University,21,10,11,.476,-7.05,-5.10,5,3,5,3,4,7,1639,1637,855,569,1268,.449,211,617,.342,290,411,.706,161,720,309,146,73,297,358
Longwood,22,7,15,.318,-13.58,-8.53,2,7,4,5,3,10,1485,1539,895,490,1232,.398,195,593,.329,310,425,.729,193,767,226,153,42,326,424
Louisiana,22,9,13,.409,-5.50,-0.50,4,7,6,5,2,7,1550,1627,885,527,1294,.407,166,511,.325,330,456,.724,243,793,239,139,64,317,375
Louisiana-Monroe,20,6,14,.300,-8.16,0.12,2,9,6,5,0,9,1251,1354,805,444,1053,.422,118,350,.337,245,364,.673,172,650,219,96,66,278,335
Louisiana State,20,16,4,.800,15.52,5.37,7,0,11,1,4,1,1602,1399,805,583,1214,.480,123,401,.307,313,404,.775,251,806,270,133,86,276,295
Louisiana Tech,21,16,5,.762,8.12,-2.98,7,2,10,1,6,4,1579,1282,840,582,1244,.468,181,501,.361,234,357,.655,223,789,303,162,51,259,349
Louisville,21,18,3,.857,18.41,5.69,9,1,12,1,5,1,1582,1315,850,562,1217,.462,173,443,.391,285,396,.720,233,835,305,116,65,260,352
Loyola (IL),22,14,8,.636,7.04,-0.24,6,3,9,2,3,4,1522,1338,885,561,1109,.506,124,340,.365,276,405,.681,119,659,322,169,40,290,302
Loyola Marymount,22,8,14,.364,-1.77,2.80,2,6,7,5,0,7,1439,1492,880,533,1147,.465,132,411,.321,241,374,.644,181,652,265,136,45,291,430
Loyola (MD),22,9,13,.409,-11.37,-6.61,1,8,5,3,3,10,1603,1676,890,569,1230,.463,151,463,.326,314,506,.621,189,741,354,153,66,298,391
Maine,21,6,15,.286,-13.55,-2.90,2,5,4,4,1,11,1287,1460,850,464,1131,.410,142,494,.287,217,310,.700,196,691,301,138,65,322,374
Manhattan,17,8,9,.471,-7.40,-6.34,4,4,4,3,4,6,1084,1102,690,378,954,.396,131,407,.322,197,313,.629,166,592,234,122,57,232,353
Marist,18,4,14,.222,-14.92,-7.09,3,6,2,6,2,8,1071,1212,735,381,1005,.379,123,380,.324,186,305,.610,177,617,165,123,53,251,342
Marquette,21,15,6,.714,15.33,7.09,5,4,10,1,3,4,1647,1474,860,534,1242,.430,215,546,.394,364,497,.732,216,847,287,110,101,286,407
Marshall,22,10,12,.455,1.98,0.64,4,5,6,6,3,6,1651,1587,880,624,1376,.453,146,503,.290,257,392,.656,252,835,299,199,132,341,408
Maryland-Baltimore County,22,9,13,.409,-10.96,-4.18,2,5,7,4,2,7,1518,1486,885,549,1240,.443,161,491,.328,259,419,.618,204,756,293,118,44,293,370
Maryland-Eastern Shore,21,2,19,.095,-22.62,-1.42,1,5,2,4,0,15,1142,1520,845,422,1189,.355,114,477,.239,184,298,.617,200,680,211,163,74,331,388
Maryland,21,17,4,.810,18.82,8.77,7,3,12,0,2,4,1518,1307,840,503,1210,.416,160,505,.317,352,478,.736,258,831,267,102,101,254,315
Massachusetts-Lowell,22,8,14,.364,-8.96,-5.01,2,5,5,7,3,7,1659,1699,895,590,1291,.457,158,458,.345,321,449,.715,202,760,332,157,60,302,364
Massachusetts,21,9,12,.429,0.07,2.07,3,5,8,3,1,6,1482,1524,850,520,1211,.429,172,496,.347,270,392,.689,189,690,281,150,69,288,392
McNeese State,21,12,9,.571,-6.22,-4.58,7,3,9,2,3,7,1707,1524,845,612,1192,.513,189,449,.421,294,412,.714,206,751,348,148,94,347,333
Memphis,20,15,5,.750,13.05,2.95,4,3,10,2,4,2,1474,1272,800,527,1160,.454,128,384,.333,292,435,.671,226,815,293,167,128,340,382
Mercer,22,11,11,.500,-4.72,-3.12,5,4,6,4,5,5,1597,1570,880,586,1285,.456,164,445,.369,261,358,.729,222,794,305,149,63,332,409
Merrimack,22,14,8,.636,-7.53,-5.43,8,1,6,2,7,5,1387,1337,890,502,1200,.418,161,514,.313,222,315,.705,176,635,268,231,55,265,370
Miami (FL),20,11,9,.550,5.66,8.41,3,7,6,3,3,4,1434,1489,810,523,1182,.442,146,421,.347,242,326,.742,174,666,207,117,74,244,278
Miami (OH),20,9,11,.450,-4.47,-0.75,2,5,7,4,1,5,1492,1457,800,539,1228,.439,180,505,.356,234,316,.741,196,723,261,103,56,238,360
Michigan State,21,16,5,.762,22.86,8.24,8,2,10,1,3,2,1621,1314,840,574,1245,.461,160,459,.349,313,415,.754,248,882,395,108,113,267,339
Michigan,20,12,8,.600,16.21,9.06,3,6,8,3,1,5,1534,1391,815,576,1227,.469,165,483,.342,217,307,.707,178,720,304,115,92,228,304
Middle Tennessee,22,5,17,.227,-9.62,2.01,1,8,4,6,1,8,1571,1672,885,556,1322,.421,177,530,.334,282,420,.671,232,788,287,152,75,306,419
Milwaukee,21,10,11,.476,-6.73,-2.94,5,4,7,3,2,6,1520,1532,860,541,1333,.406,158,505,.313,280,407,.688,270,783,251,126,70,277,459
Minnesota,21,11,10,.524,15.27,11.18,5,6,9,2,1,7,1474,1388,850,525,1249,.420,164,518,.317,260,361,.720,243,814,309,107,102,254,352
Mississippi State,20,13,7,.650,13.75,5.90,4,3,9,2,2,3,1460,1303,800,520,1125,.462,113,334,.338,307,415,.740,265,773,268,121,101,282,342
Mississippi Valley State,19,1,18,.053,-30.08,-3.87,1,6,0,3,1,15,1261,1759,760,472,1300,.363,143,527,.271,174,270,.644,196,673,189,122,56,269,377
Mississippi,20,10,10,.500,5.53,4.53,1,6,7,4,1,5,1376,1356,810,481,1116,.431,126,396,.318,288,407,.708,185,685,274,148,54,271,381
Missouri-Kansas City,22,11,11,.500,-5.67,-0.20,3,4,7,2,2,7,1569,1489,900,580,1269,.457,164,443,.370,245,366,.669,195,715,303,178,74,295,460
Missouri State,22,10,12,.455,0.27,0.37,4,5,7,3,2,7,1477,1479,880,531,1245,.427,147,427,.344,268,357,.751,224,806,248,131,61,310,368
Missouri,20,10,10,.500,8.51,4.56,2,5,8,3,1,5,1331,1252,805,451,1093,.413,146,469,.311,283,366,.773,207,687,233,148,57,285,394
Monmouth,20,12,8,.600,-5.26,-4.61,6,3,7,0,4,7,1398,1411,800,479,1172,.409,152,420,.362,288,393,.733,183,677,265,158,53,264,399
Montana State,20,11,9,.550,-3.94,-1.94,5,4,5,3,4,6,1351,1318,800,478,1074,.445,119,368,.323,276,367,.752,140,706,224,119,43,279,347
Montana,21,11,10,.524,-1.18,0.08,7,3,8,1,3,9,1455,1467,850,556,1224,.454,114,339,.336,229,321,.713,145,675,252,131,79,266,419
Morehead State,22,10,12,.455,-10.68,-6.58,4,5,9,2,1,10,1538,1516,890,579,1314,.441,130,425,.306,250,387,.646,234,824,308,145,98,274,348
Morgan State,23,11,12,.478,-12.49,-6.84,5,3,6,3,5,6,1623,1649,935,572,1363,.420,123,439,.280,356,509,.699,297,896,261,127,93,368,532
Mount St. Mary's,21,9,12,.429,-7.16,-5.76,5,3,7,3,2,9,1345,1356,855,473,1186,.399,137,459,.298,262,383,.684,234,767,222,109,72,249,340
Murray State,21,16,5,.762,1.74,-6.79,9,0,11,0,4,3,1633,1370,850,572,1174,.487,140,383,.366,349,487,.717,204,799,320,112,76,282,376
Navy,20,12,8,.600,-4.94,-5.94,6,3,8,3,4,5,1285,1235,815,443,1062,.417,141,432,.326,258,371,.695,230,726,237,104,27,251,296
Omaha,22,12,10,.545,-4.14,-0.10,5,2,10,0,2,9,1610,1676,890,606,1335,.454,140,401,.349,258,367,.703,217,796,279,112,73,282,370
Nebraska,21,7,14,.333,4.07,7.35,2,8,5,6,0,7,1514,1583,860,546,1304,.419,180,532,.338,242,403,.600,183,739,304,134,52,234,310
Nevada-Las Vegas,22,11,11,.500,4.98,3.11,6,3,9,5,2,5,1576,1535,910,543,1258,.432,160,509,.314,330,459,.719,286,866,279,124,64,316,438
Nevada,22,13,9,.591,8.83,4.69,6,4,9,2,1,6,1676,1585,880,584,1329,.439,225,572,.393,281,374,.751,191,827,332,110,82,260,436
New Hampshire,20,10,10,.500,-8.80,-6.08,3,4,7,2,3,8,1384,1315,810,505,1226,.412,171,518,.330,203,316,.642,233,851,270,98,43,290,355
New Mexico State,22,16,6,.727,2.95,-2.30,7,0,8,1,5,3,1558,1333,885,550,1207,.456,199,567,.351,259,373,.694,234,769,319,141,42,311,356
New Mexico,23,16,7,.696,3.07,0.80,5,5,13,1,2,5,1817,1746,920,640,1317,.486,143,435,.329,394,549,.718,220,826,353,182,69,345,353
New Orleans,21,6,15,.286,-13.39,-1.39,2,9,5,6,1,9,1593,1615,840,566,1235,.458,111,337,.329,350,459,.763,204,668,319,175,47,296,399
Niagara,19,6,13,.316,-10.43,-2.16,4,4,4,2,2,11,1265,1422,765,467,1091,.428,145,404,.359,186,247,.753,124,524,240,126,47,203,299
Nicholls State,22,14,8,.636,-3.71,-3.88,8,3,8,1,5,6,1683,1494,890,617,1424,.433,175,540,.324,274,364,.753,258,786,278,234,81,312,421
NJIT,21,7,14,.333,-10.22,-4.72,4,4,4,4,3,10,1356,1438,840,494,1203,.411,131,412,.318,237,350,.677,194,702,235,117,53,238,346
Norfolk State,21,10,11,.476,-6.56,-5.79,6,0,7,2,2,8,1474,1357,845,518,1217,.426,156,473,.330,282,398,.709,240,773,276,162,42,300,397
North Alabama,21,10,11,.476,-8.30,-4.93,5,3,7,2,3,9,1434,1439,840,488,1148,.425,146,436,.335,312,448,.696,196,746,232,135,53,322,411
North Carolina-Asheville,20,9,11,.450,-8.52,-7.47,3,6,5,5,4,6,1527,1480,805,560,1231,.455,174,489,.356,233,357,.653,188,615,227,178,45,235,392
North Carolina A&T,22,10,12,.455,-9.63,-4.44,6,1,6,1,3,9,1553,1600,890,553,1322,.418,128,420,.305,319,518,.616,247,851,301,183,81,338,456
North Carolina Central,20,8,12,.400,-11.29,-5.05,4,2,6,0,2,12,1348,1304,805,501,1108,.452,107,366,.292,239,360,.664,194,667,265,189,61,326,381
North Carolina-Greensboro,22,17,5,.773,7.90,-1.00,7,2,10,3,7,2,1614,1306,890,603,1396,.432,190,602,.316,218,341,.639,289,816,274,216,87,258,400
North Carolina State,21,14,7,.667,11.08,4.70,5,5,11,2,3,4,1570,1436,845,582,1299,.448,150,470,.319,256,362,.707,224,764,284,158,96,237,375
North Carolina-Wilmington,23,7,16,.304,-10.32,-0.27,2,8,5,6,1,9,1603,1668,930,575,1333,.431,162,462,.351,291,413,.705,207,793,287,141,70,300,379
North Carolina,20,10,10,.500,8.83,8.03,3,6,5,5,2,4,1431,1415,815,522,1255,.416,113,377,.300,272,417,.652,280,871,295,115,78,262,323
North Dakota State,22,15,7,.682,0.55,-3.85,6,2,9,1,5,5,1609,1427,880,554,1250,.443,198,576,.344,303,387,.783,172,781,270,111,52,222,340
North Dakota,23,10,13,.435,-6.60,-1.30,4,5,6,1,3,11,1738,1695,920,602,1307,.461,181,526,.344,353,453,.779,209,847,306,106,53,319,393
North Florida,23,13,10,.565,-1.81,-0.90,6,2,8,1,4,8,1779,1714,920,614,1394,.440,278,733,.379,273,360,.758,236,812,351,116,78,298,376
North Texas,22,14,8,.636,8.79,2.54,8,1,10,2,4,4,1567,1365,880,559,1173,.477,185,476,.389,264,355,.744,201,733,277,153,58,307,389
Northeastern,22,11,11,.500,2.32,-3.59,5,5,4,5,6,4,1596,1466,885,580,1212,.479,195,491,.397,241,305,.790,151,684,292,170,38,269,377
Northern Arizona,18,11,7,.611,-2.70,-1.39,5,4,6,2,4,5,1301,1212,720,470,1038,.453,142,370,.384,219,313,.700,177,617,246,126,39,223,301
Northern Colorado,20,13,7,.650,4.41,-2.48,6,3,8,1,3,5,1486,1251,810,524,1177,.445,209,563,.371,229,335,.684,185,712,258,109,49,204,301
Northern Illinois,21,12,9,.571,-2.31,-2.86,5,3,7,3,5,6,1410,1351,840,507,1242,.408,157,462,.340,239,353,.677,256,840,218,119,55,258,364
Northern Iowa,21,18,3,.857,11.94,2.73,7,2,12,0,5,2,1622,1366,850,580,1186,.489,206,519,.397,256,335,.764,194,784,261,95,43,271,310
Northern Kentucky,21,14,7,.667,1.32,-3.42,6,3,8,2,6,5,1550,1380,850,549,1221,.450,182,563,.323,270,395,.684,226,767,305,169,44,286,382
Northwestern State,19,8,11,.421,-12.58,-5.08,5,5,5,3,3,8,1380,1426,765,486,1127,.431,142,429,.331,266,362,.735,210,753,250,105,94,335,388
Northwestern,20,6,14,.300,5.58,8.23,1,9,4,7,1,6,1310,1363,800,476,1135,.419,124,394,.315,234,310,.755,163,679,274,90,53,223,331
Notre Dame,20,12,8,.600,10.91,2.96,3,6,10,3,2,4,1532,1373,805,545,1275,.427,201,576,.349,241,330,.730,219,776,350,122,82,196,250
Oakland,22,7,15,.318,-6.67,-1.10,2,7,3,5,2,8,1424,1513,890,499,1195,.418,130,444,.293,296,435,.680,224,790,298,136,64,314,346
Ohio State,20,13,7,.650,18.95,7.35,3,6,9,2,2,4,1461,1229,800,494,1087,.454,175,458,.382,298,413,.722,202,759,283,94,79,273,356
Ohio,21,10,11,.476,-2.31,-0.21,2,6,6,5,3,4,1497,1460,840,547,1215,.450,179,511,.350,224,338,.663,214,744,310,127,53,273,355
Oklahoma State,20,10,10,.500,10.37,8.82,0,7,5,6,3,3,1332,1301,800,469,1157,.405,128,424,.302,266,370,.719,210,730,236,147,76,260,342
Oklahoma,20,13,7,.650,11.35,8.20,3,4,8,1,2,5,1418,1355,800,497,1185,.419,144,452,.319,280,368,.761,161,738,238,128,79,212,264
Old Dominion,22,9,13,.409,0.15,0.24,5,4,7,3,2,7,1398,1400,880,523,1302,.402,114,412,.277,238,341,.698,258,856,217,160,70,271,378
Oral Roberts,21,11,10,.524,1.67,0.37,4,4,8,1,3,9,1651,1510,840,592,1348,.439,170,529,.321,297,399,.744,272,819,264,131,48,232,343
Oregon State,21,13,8,.619,8.98,3.08,3,6,8,3,3,4,1557,1433,840,543,1156,.470,123,378,.325,348,472,.737,187,702,311,135,117,239,344
Oregon,22,18,4,.818,18.14,8.19,7,2,12,0,4,2,1707,1488,910,622,1304,.477,184,470,.391,279,404,.691,240,795,321,173,72,271,391
Pacific,24,16,8,.667,2.56,-0.63,4,4,11,3,4,4,1685,1555,995,616,1362,.452,138,397,.348,315,478,.659,268,874,297,139,92,302,458
Penn State,20,15,5,.750,16.66,6.51,5,4,11,1,2,3,1539,1336,800,554,1249,.444,156,492,.317,275,399,.689,226,781,286,174,113,236,358
Pennsylvania,15,8,7,.533,0.80,1.52,0,2,3,2,3,4,1142,1104,600,426,934,.456,139,422,.329,151,226,.668,133,557,232,87,51,201,230
Pepperdine,22,11,11,.500,1.52,2.52,4,4,7,3,4,5,1698,1720,885,576,1324,.435,183,507,.361,363,449,.808,215,744,334,139,74,282,406
Pittsburgh,21,13,8,.619,8.97,5.45,4,6,9,4,2,4,1395,1321,845,488,1171,.417,113,374,.302,306,424,.722,246,735,261,158,76,257,327
Portland State,23,11,12,.478,-2.73,-1.97,5,6,7,2,3,10,1786,1724,920,664,1498,.443,147,437,.336,311,444,.700,347,881,308,187,100,299,428
Portland,23,9,14,.391,-5.30,0.55,1,7,7,5,2,5,1563,1614,920,557,1256,.443,159,443,.359,290,434,.668,166,750,322,128,88,317,370
Prairie View,20,10,10,.500,-4.21,-2.93,6,1,6,0,3,9,1442,1412,805,517,1169,.442,95,287,.331,313,452,.692,197,644,274,182,45,306,429
Presbyterian,22,8,14,.364,-14.70,-5.60,5,4,5,4,3,8,1459,1588,885,527,1180,.447,134,423,.317,271,385,.704,198,747,273,136,47,330,395
Princeton,15,7,8,.467,-3.41,-0.83,2,0,3,4,2,3,1093,1083,605,395,853,.463,120,358,.335,183,259,.707,146,504,201,93,33,204,252
Providence,21,11,10,.524,9.86,5.77,4,4,8,3,2,4,1487,1401,845,519,1295,.401,148,473,.313,301,443,.679,294,814,312,187,75,278,396
Purdue,21,11,10,.524,15.58,8.58,4,6,9,2,1,6,1417,1270,865,527,1269,.415,151,456,.331,212,319,.665,278,787,284,139,78,245,363
Quinnipiac,18,10,8,.556,-6.19,-6.75,5,3,7,2,2,5,1268,1258,720,419,1015,.413,183,515,.355,247,316,.782,173,667,248,84,67,234,260
Radford,21,12,9,.571,-1.96,-2.64,7,2,6,2,5,6,1466,1357,840,533,1193,.447,158,463,.341,242,375,.645,223,756,266,118,49,224,370
Rhode Island,20,15,5,.750,10.53,4.63,7,1,9,1,5,3,1484,1366,805,537,1250,.430,112,352,.318,298,436,.683,240,789,257,177,80,243,336
Rice,22,9,13,.409,-6.17,-0.17,1,8,5,5,2,7,1603,1665,880,544,1288,.422,217,641,.339,298,424,.703,202,795,301,132,54,306,349
Richmond,21,15,6,.714,9.15,3.15,5,3,9,2,5,2,1592,1466,850,577,1232,.468,175,470,.372,263,327,.804,147,699,320,168,56,238,336
Rider,19,11,8,.579,-4.09,-5.20,5,4,5,1,4,7,1385,1364,760,477,1112,.429,122,369,.331,309,461,.670,228,740,253,126,49,267,319
Robert Morris,22,11,11,.500,-5.30,-4.96,7,2,6,2,4,9,1524,1491,880,569,1310,.434,187,517,.362,199,302,.659,237,761,362,139,37,294,379
Rutgers,21,16,5,.762,16.21,7.11,7,3,15,0,1,4,1503,1276,840,565,1230,.459,116,376,.309,257,398,.646,246,848,290,146,99,275,336
Sacramento State,18,11,7,.611,-2.33,-1.77,4,5,8,0,2,7,1095,1019,720,389,968,.402,80,258,.310,237,326,.727,206,653,213,119,74,236,306
Sacred Heart,22,13,9,.591,-5.38,-8.10,6,3,5,2,7,6,1635,1534,880,579,1317,.440,161,508,.317,316,432,.731,281,894,300,123,82,312,351
Saint Francis (PA),21,13,8,.619,-4.85,-6.60,6,4,7,2,5,6,1635,1551,845,582,1265,.460,137,373,.367,334,451,.741,239,765,240,144,54,270,358
Saint Joseph's,21,4,17,.190,-5.71,5.63,0,8,2,7,2,7,1474,1712,845,506,1309,.387,196,645,.304,266,388,.686,242,789,272,98,63,288,367
Saint Louis,21,16,5,.762,8.25,2.35,5,3,11,2,3,2,1496,1365,855,547,1257,.435,120,366,.328,282,490,.576,281,857,296,162,93,268,391
Saint Mary's (CA),23,19,4,.826,13.37,2.96,6,2,11,2,4,1,1774,1494,950,628,1296,.485,207,488,.424,311,415,.749,187,763,302,161,53,233,365
Saint Peter's,18,8,10,.444,-5.74,-5.52,5,4,5,3,3,7,1161,1165,725,395,1000,.395,122,340,.359,249,357,.697,241,693,189,137,75,313,385
Sam Houston State,21,15,6,.714,-1.24,-5.54,8,2,10,1,5,5,1699,1490,860,612,1337,.458,173,482,.359,302,396,.763,205,732,355,202,65,289,435
Samford,23,8,15,.348,-11.24,-0.84,2,7,6,5,2,10,1730,1841,930,621,1383,.449,154,444,.347,334,464,.720,246,848,275,158,72,365,385
San Diego State,22,22,0,1.000,19.02,2.45,11,0,11,0,8,0,1650,1258,880,597,1269,.470,184,487,.378,272,361,.753,215,797,341,149,70,243,375
San Diego,23,8,15,.348,-3.67,3.05,1,7,5,6,3,6,1508,1630,925,546,1329,.411,152,482,.315,264,400,.660,216,788,291,129,77,350,408
San Francisco,23,16,7,.696,8.01,2.05,5,3,10,3,5,4,1775,1593,930,627,1381,.454,222,624,.356,299,414,.722,249,834,278,161,76,300,402
San Jose State,22,7,15,.318,-6.74,4.88,3,7,6,6,1,8,1536,1755,880,522,1313,.398,173,575,.301,319,457,.698,226,788,296,133,78,311,401
Santa Clara,23,17,6,.739,2.87,-0.32,4,4,15,2,2,4,1773,1614,925,632,1351,.468,177,503,.352,332,439,.756,184,805,366,157,89,324,472
Seattle,22,11,11,.500,-4.07,-4.02,4,3,7,3,2,7,1638,1571,895,554,1364,.406,156,512,.305,374,486,.770,236,792,244,128,74,242,433
Seton Hall,20,16,4,.800,18.38,8.23,8,0,9,1,5,2,1498,1295,800,523,1162,.450,151,456,.331,301,434,.694,206,760,292,153,130,279,375
Siena,18,9,9,.500,-3.50,-4.44,5,4,9,0,0,9,1308,1291,735,463,1042,.444,119,347,.343,263,378,.696,197,670,227,107,49,249,317
South Alabama,23,12,11,.522,-0.81,0.04,5,7,7,5,3,5,1644,1575,925,570,1228,.464,123,379,.325,381,518,.736,197,750,249,174,86,276,381
South Carolina State,19,9,10,.474,-14.12,-6.29,4,3,6,2,3,8,1345,1439,770,464,1062,.437,105,329,.319,312,402,.776,190,660,217,85,31,273,328
South Carolina Upstate,22,9,13,.409,-12.40,-4.50,4,5,6,3,3,10,1518,1617,880,541,1258,.430,150,460,.326,286,419,.683,205,713,259,134,52,279,420
South Carolina,20,12,8,.600,8.56,4.61,4,3,7,4,5,2,1424,1345,800,530,1207,.439,115,370,.311,249,412,.604,241,750,284,150,82,272,460
South Dakota State,24,16,8,.667,2.96,-3.18,7,2,12,0,4,8,1854,1678,970,684,1406,.486,177,511,.346,309,442,.699,239,926,333,123,72,311,394
South Dakota,23,15,8,.652,-1.25,-3.54,6,3,10,1,3,6,1811,1712,920,629,1289,.488,174,422,.412,379,502,.755,152,751,315,98,67,241,391
South Florida,21,9,12,.429,3.82,3.34,2,6,7,4,1,4,1307,1297,845,460,1117,.412,135,431,.313,252,409,.616,232,702,214,170,46,315,366
Southeast Missouri State,22,4,18,.182,-14.35,-2.50,0,9,3,5,0,12,1444,1665,885,510,1229,.415,128,403,.318,296,438,.676,203,715,225,120,48,290,419
Southeastern Louisiana,21,6,15,.286,-15.22,-3.00,3,7,4,4,2,10,1408,1609,850,520,1265,.411,131,446,.294,237,368,.644,221,690,250,170,35,353,440
Southern California,21,17,4,.810,11.07,4.74,6,2,9,1,5,2,1533,1400,855,537,1215,.442,135,385,.351,324,478,.678,237,831,314,140,118,313,342
SIU Edwardsville,22,5,17,.227,-15.62,-5.57,2,7,3,6,2,11,1479,1623,880,557,1267,.440,125,390,.321,240,355,.676,188,712,311,124,67,303,442
Southern Illinois,22,12,10,.545,0.88,-0.21,6,3,10,1,1,7,1378,1327,880,480,1111,.432,157,471,.333,261,361,.723,145,667,273,144,43,276,321
Southern Methodist,20,15,5,.750,8.58,0.88,5,3,11,1,4,4,1497,1343,815,529,1158,.457,164,485,.338,275,360,.764,239,772,327,120,68,264,303
Southern Mississippi,22,6,16,.273,-6.44,4.40,2,7,5,5,1,8,1472,1621,880,564,1273,.443,110,365,.301,234,313,.748,217,749,307,143,54,312,375
Southern Utah,20,12,8,.600,2.01,-2.22,5,4,6,3,5,5,1480,1274,815,540,1176,.459,129,386,.334,271,389,.697,197,772,245,154,94,289,381
Southern,21,8,13,.381,-12.68,-5.57,5,3,5,1,2,12,1424,1476,845,532,1225,.434,123,377,.326,237,354,.669,237,725,272,131,55,301,450
St. Bonaventure,21,13,8,.619,2.46,0.76,5,3,5,3,5,5,1421,1362,845,521,1221,.427,138,413,.334,241,321,.751,232,768,274,125,75,256,368
St. Francis (NY),21,10,11,.476,-11.47,-7.37,4,5,8,1,2,10,1474,1492,840,540,1273,.424,137,445,.308,255,351,.726,216,761,257,133,84,277,382
St. John's (NY),22,13,9,.591,9.99,4.72,2,7,10,4,1,4,1645,1529,880,596,1452,.410,136,450,.302,317,452,.701,281,873,319,231,98,269,426
Stanford,20,15,5,.750,13.99,2.59,4,3,11,2,2,2,1422,1194,805,521,1077,.484,147,381,.386,233,347,.671,144,685,273,148,83,295,316
Stephen F. Austin,21,18,3,.857,4.07,-5.66,9,1,10,1,8,2,1699,1408,845,613,1245,.492,124,341,.364,349,512,.682,272,770,316,231,61,374,455
Stetson,23,11,12,.478,-10.92,-5.11,5,3,5,5,5,6,1463,1515,925,521,1185,.440,133,403,.330,288,447,.644,230,813,229,141,61,328,362
Stony Brook,22,14,8,.636,0.56,-3.16,5,2,6,2,6,6,1578,1453,890,541,1281,.422,200,561,.357,296,416,.712,245,872,263,146,111,330,367
Syracuse,21,13,8,.619,12.28,5.28,6,4,9,4,4,2,1538,1391,845,531,1197,.444,191,540,.354,285,390,.731,206,754,318,154,89,240,322
Temple,20,10,10,.500,7.31,5.11,2,6,5,4,3,4,1354,1310,800,483,1201,.402,136,420,.324,252,370,.681,207,776,273,163,55,266,353
Tennessee-Martin,20,6,14,.300,-12.83,-0.50,2,7,3,4,2,8,1545,1689,800,546,1203,.454,156,454,.344,297,399,.744,221,652,231,106,57,256,318
Tennessee State,22,13,9,.591,-5.67,-5.37,5,4,8,1,3,8,1650,1607,880,603,1259,.479,164,463,.354,280,432,.648,251,846,308,118,91,366,464
Tennessee Tech,22,5,17,.227,-15.24,-2.94,2,7,3,7,2,8,1430,1624,885,538,1288,.418,175,520,.337,179,268,.668,227,768,297,140,70,355,329
Tennessee,20,12,8,.600,11.89,5.69,4,3,8,4,2,3,1323,1199,800,463,1073,.432,122,398,.307,275,366,.751,191,717,301,115,122,279,344
Texas A&M-Corpus Christi,22,9,13,.409,-10.41,-5.16,5,6,6,4,3,9,1394,1461,880,482,1138,.424,168,462,.364,260,370,.703,206,768,267,117,63,371,398
Texas A&M,19,10,9,.526,2.10,4.05,4,3,7,4,3,1,1163,1200,765,393,994,.395,104,398,.261,273,403,.677,203,664,205,122,60,262,287
Texas-Arlington,22,9,13,.409,3.64,3.34,5,6,4,5,5,7,1557,1500,880,550,1323,.416,174,562,.310,283,368,.769,226,817,326,122,63,254,394
Texas Christian,20,13,7,.650,11.59,6.43,4,3,11,3,1,3,1380,1261,810,506,1165,.434,182,515,.353,186,297,.626,234,721,314,154,94,277,324
Texas-El Paso,22,13,9,.591,0.41,-0.12,4,5,11,1,1,7,1504,1437,885,516,1195,.432,133,471,.282,339,442,.767,177,765,266,129,69,312,389
Texas-Rio Grande Valley,20,6,14,.300,-8.38,-1.80,2,5,6,3,0,9,1431,1423,810,528,1231,.429,128,380,.337,247,353,.700,223,657,293,174,83,248,408
Texas-San Antonio,22,10,12,.455,-2.79,0.69,4,5,8,2,2,6,1725,1691,890,614,1418,.433,218,604,.361,279,373,.748,236,851,299,133,65,289,445
Texas Southern,20,9,11,.450,-7.54,-0.12,6,1,6,1,3,10,1416,1519,810,492,1226,.401,102,368,.277,330,466,.708,249,777,242,116,56,323,387
Texas State,22,13,9,.591,3.38,-0.57,6,5,9,3,4,6,1586,1397,880,549,1222,.449,121,359,.337,367,484,.758,213,738,289,142,60,252,403
Texas Tech,20,13,7,.650,15.78,5.68,4,3,10,2,1,3,1471,1269,815,507,1138,.446,138,413,.334,319,417,.765,197,702,325,153,75,285,357
Texas,20,13,7,.650,9.53,6.98,3,4,8,3,3,3,1319,1268,800,497,1137,.437,174,508,.343,151,234,.645,189,655,276,110,91,274,359
Toledo,21,11,10,.524,2.67,-0.88,3,5,6,4,5,6,1618,1488,845,548,1243,.441,198,530,.374,324,440,.736,231,817,323,134,78,264,342
Towson,22,13,9,.591,0.32,-1.30,7,3,7,3,4,3,1552,1449,890,541,1252,.432,143,429,.333,327,433,.755,236,816,250,134,69,274,405
Troy,23,8,15,.348,-8.68,-1.54,4,8,6,5,2,10,1587,1659,930,565,1408,.401,189,589,.321,268,395,.678,282,856,329,134,64,335,436
Tulane,20,10,10,.500,0.79,0.79,2,6,6,3,2,3,1374,1374,805,473,1131,.418,159,450,.353,269,384,.701,167,621,229,166,47,237,292
Tulsa,20,14,6,.700,8.60,1.60,6,1,10,1,4,4,1425,1285,820,509,1123,.453,116,365,.318,291,409,.711,186,734,271,156,50,266,311
UCLA,21,11,10,.524,6.05,6.05,4,4,8,4,2,3,1461,1435,845,515,1186,.434,116,377,.308,315,447,.705,267,785,274,147,74,283,413
Utah State,23,17,6,.739,13.70,3.70,6,4,11,1,2,4,1788,1465,935,616,1362,.452,167,516,.324,389,508,.766,261,944,378,148,68,283,371
Utah Valley,23,9,14,.391,-8.34,-4.04,3,5,4,5,5,9,1585,1608,925,565,1320,.428,151,509,.297,304,431,.705,205,829,290,131,128,326,401
Utah,20,12,8,.600,9.23,6.18,3,5,8,1,1,5,1484,1423,805,507,1115,.455,145,439,.330,325,437,.744,198,745,284,100,52,266,306
Valparaiso,22,11,11,.500,-0.04,0.72,4,5,7,1,3,7,1612,1601,890,587,1352,.434,180,560,.321,258,362,.713,228,748,336,184,78,292,395
Vanderbilt,20,8,12,.400,1.88,3.28,0,7,8,6,0,5,1447,1475,810,484,1127,.429,167,508,.329,312,461,.677,190,659,243,145,81,264,374
Vermont,22,16,6,.727,6.23,-3.05,6,1,7,2,8,3,1531,1287,880,547,1250,.438,169,534,.316,268,372,.720,215,816,288,135,75,268,367
Villanova,20,17,3,.850,16.71,7.96,7,1,10,0,4,2,1491,1316,805,524,1178,.445,192,544,.353,251,321,.782,191,730,303,123,60,225,302
Virginia Commonwealth,21,16,5,.762,12.69,2.35,6,2,12,1,4,2,1527,1310,840,534,1229,.434,166,469,.354,293,412,.711,215,735,287,201,100,268,365
VMI,23,6,17,.261,-7.99,-3.04,1,9,5,6,0,10,1661,1600,940,592,1387,.427,245,691,.355,232,322,.720,243,815,376,163,55,289,382
Virginia Tech,21,14,7,.667,10.60,3.08,5,5,10,2,3,3,1488,1330,850,528,1219,.433,216,580,.372,216,312,.692,170,742,326,129,59,206,292
Virginia,20,14,6,.700,10.93,5.38,6,4,9,3,3,3,1125,1014,810,414,1028,.403,104,382,.272,193,272,.710,187,710,224,114,85,255,268
Wagner,20,5,15,.250,-13.80,-3.96,2,7,3,5,2,10,1385,1542,810,483,1196,.404,148,453,.327,271,382,.709,229,709,260,111,46,276,443
Wake Forest,20,9,11,.450,5.50,6.60,2,8,5,4,1,6,1448,1470,810,483,1134,.426,126,364,.346,356,476,.748,210,768,246,97,55,294,380
Washington State,22,13,9,.591,4.65,1.38,4,5,10,2,1,5,1563,1491,885,555,1363,.407,172,535,.321,281,388,.724,239,787,263,153,54,257,372
Washington,22,12,10,.545,13.21,7.03,2,7,9,4,1,4,1542,1406,890,537,1190,.451,150,439,.342,318,451,.705,191,781,284,156,141,330,363
Weber State,21,8,13,.381,-7.95,0.55,4,6,5,4,3,5,1497,1483,850,550,1202,.458,151,447,.338,246,358,.687,153,674,254,116,81,252,303
West Virginia,20,16,4,.800,21.19,9.09,4,3,10,0,3,4,1473,1231,800,517,1185,.436,107,356,.301,332,511,.650,297,831,254,163,77,292,386
Western Carolina,20,13,7,.650,-0.44,-1.72,5,4,8,2,5,5,1599,1491,810,550,1169,.470,206,544,.379,293,421,.696,204,760,291,107,33,292,343
Western Illinois,19,5,14,.263,-13.61,-2.90,2,7,4,7,1,7,1430,1534,765,530,1232,.430,161,427,.377,209,267,.783,156,659,204,94,42,203,329
Western Kentucky,21,14,7,.667,4.46,0.76,7,2,9,1,3,4,1609,1492,850,555,1190,.466,148,432,.343,351,447,.785,174,708,238,136,91,271,286
Western Michigan,20,9,11,.450,-6.03,-0.36,2,5,7,2,2,7,1428,1461,815,484,1148,.422,143,449,.318,317,443,.716,180,693,233,109,45,237,356
Wichita State,20,17,3,.850,14.60,3.75,5,2,13,1,3,1,1491,1274,810,504,1238,.407,154,461,.334,329,476,.691,253,800,291,151,72,254,382
William & Mary,23,16,7,.696,-1.07,-2.98,8,2,8,1,8,5,1668,1566,920,604,1290,.468,176,503,.350,284,379,.749,188,831,317,106,87,295,359
Winthrop,22,15,7,.682,2.85,-4.30,9,0,8,2,7,5,1778,1547,895,639,1397,.457,204,606,.337,296,469,.631,300,900,352,157,53,310,437
Wisconsin,21,12,9,.571,14.28,9.42,5,5,9,1,3,5,1392,1290,845,494,1152,.429,168,500,.336,236,312,.756,172,705,251,100,79,221,332
Wofford,22,14,8,.636,0.36,-2.09,6,3,9,1,5,7,1599,1481,890,574,1251,.459,217,607,.357,234,317,.738,168,678,293,126,61,254,365
Wright State,22,18,4,.818,4.03,-6.17,8,1,10,2,6,1,1793,1533,890,646,1416,.456,172,476,.361,329,499,.659,293,913,318,148,86,264,335
Wyoming,22,5,17,.227,-4.84,4.25,0,10,4,10,1,5,1304,1481,895,447,1112,.402,161,519,.310,249,349,.713,112,646,224,107,45,289,403
Xavier,21,13,8,.619,11.24,7.38,2,6,10,3,1,4,1507,1426,865,552,1285,.430,138,453,.305,265,401,.661,256,824,308,128,81,285,377
Yale,18,14,4,.778,7.68,-0.26,2,0,5,0,7,4,1362,1128,750,475,1026,.463,160,437,.366,252,355,.710,151,709,291,110,70,246,267
Youngstown State,23,12,11,.522,-6.70,-3.99,5,5,9,3,3,8,1667,1650,935,602,1447,.416,155,528,.294,308,460,.670,321,919,285,144,61,277,401
