,,Overall,Overall,Overall,Overall,Overall,Overall,Conf.,Conf.,Home,Home,Away,Away,Points,Points,,Opponent Advanced,Opponent Advanced,Opponent Advanced,Opponent Advanced,Opponent Advanced,Opponent Advanced,Opponent Advanced,Opponent Advanced,Opponent Advanced,Opponent Advanced,Opponent Advanced,Opponent Advanced,Opponent Advanced
Rk,School,G,W,L,W-L%,SRS,SOS,W,L,W,L,W,L,Tm.,Opp.,,Pace,ORtg,FTr,3PAr,TS%,TRB%,AST%,STL%,BLK%,eFG%,TOV%,ORB%,FT/FGA
1,Air Force,32,18,14,.563,4.18,4.28,8,8,13,2,3,11,2241,2170,,64.8,104.2,.365,.413,.543,54.2,59.9,8.6,10.2,.515,17.1,33.4,.246
2,Akron NCAA,33,26,7,.788,8.11,0.18,14,2,15,1,7,4,2369,2071,,66.4,93.1,.344,.297,.486,48.1,49.5,10.3,8.1,.443,17.4,33.2,.245
3,Alabama A&M,31,11,20,.355,-18.40,-9.82,6,12,7,6,3,12,1957,2160,,67.4,102.1,.373,.266,.523,53.1,49.8,10.8,8.7,.493,15.7,35.4,.246
4,Alabama-Birmingham,33,16,17,.485,0.26,1.51,7,9,11,4,4,10,2357,2351,,71.3,99.5,.389,.327,.537,51.7,54.7,11.7,9.6,.500,19.4,34.5,.273
5,Alabama State,32,10,22,.313,-17.88,-9.01,8,10,7,5,3,14,1979,2231,,67.0,103.2,.379,.342,.523,53.3,54.9,11.7,8.3,.491,16.7,38.5,.252
6,Alabama,36,23,13,.639,9.79,5.93,12,6,16,4,4,8,2268,2102,,62.3,92.8,.325,.322,.491,53.4,48.1,8.9,10.4,.454,19.6,37.0,.226
7,Albany (NY) NCAA,35,24,11,.686,-0.87,-4.53,9,7,11,4,11,5,2251,2123,,62.8,96.3,.278,.346,.507,51.1,46.6,9.6,10.1,.483,17.3,32.4,.182
8,Alcorn State,34,10,24,.294,-14.26,-7.11,8,10,5,8,4,14,2055,2248,,69.0,95.4,.468,.325,.490,54.7,49.6,9.8,9.0,.445,16.3,38.1,.309
9,American,30,10,20,.333,-8.56,-2.53,5,9,7,6,3,14,1735,1916,,59.4,106.1,.279,.352,.537,51.4,59.9,10.8,11.1,.513,13.6,29.7,.189
10,Appalachian State,31,15,16,.484,-7.91,-5.77,10,8,10,4,4,11,2211,2221,,68.3,102.5,.341,.294,.537,52.4,50.1,10.6,8.6,.505,17.0,33.7,.236
11,Arizona State,35,22,13,.629,8.86,4.60,9,9,16,4,4,7,2512,2363,,67.5,98.3,.266,.321,.500,51.7,52.1,10.0,9.3,.464,15.5,32.3,.197
12,Arizona NCAA,35,27,8,.771,17.30,7.47,12,6,14,2,7,4,2570,2226,,66.8,94.9,.329,.309,.504,47.3,49.2,9.2,9.3,.466,17.4,29.2,.234
13,Little Rock,32,17,15,.531,-4.36,-2.23,11,9,13,3,3,10,2127,2132,,69.2,96.3,.424,.350,.522,53.4,51.0,9.4,7.2,.480,20.3,36.4,.293
14,Arkansas-Pine Bluff,30,16,14,.533,-12.13,-8.20,15,3,9,0,6,12,1880,1998,,68.7,96.5,.377,.407,.507,54.7,65.4,10.5,8.2,.469,19.8,38.7,.257
15,Arkansas State,31,19,12,.613,0.77,-4.36,12,8,13,2,5,9,2127,1944,,66.3,92.0,.352,.313,.500,51.3,47.5,9.2,8.3,.464,20.3,33.7,.239
16,Arkansas,32,19,13,.594,9.82,4.97,10,8,17,1,1,9,2358,2203,,70.6,96.8,.444,.328,.527,54.1,51.5,7.4,9.5,.492,21.2,36.9,.293
17,Army,31,16,15,.516,-1.48,-4.52,8,6,9,4,6,10,2245,2112,,67.8,99.3,.366,.352,.514,50.6,54.5,9.9,10.2,.479,16.3,32.6,.249
18,Auburn,32,9,23,.281,0.21,4.18,3,15,7,10,1,9,2074,2201,,66.6,101.3,.430,.388,.532,53.5,58.4,9.7,9.8,.497,17.2,33.5,.288
19,Austin Peay,31,8,23,.258,-12.35,-4.31,4,12,5,8,2,12,2218,2371,,69.7,107.6,.285,.324,.542,53.8,56.0,12.2,8.4,.512,15.6,37.4,.205
20,Ball State,30,15,15,.500,-6.70,-3.15,8,8,8,8,7,6,1957,2041,,65.8,103.4,.362,.352,.543,49.0,58.8,11.3,8.7,.508,17.1,32.0,.257
21,Baylor,37,23,14,.622,15.07,7.13,9,9,15,5,4,7,2811,2456,,68.5,96.4,.324,.296,.489,50.3,53.1,9.2,8.3,.452,16.1,34.9,.224
22,Belmont NCAA,33,26,7,.788,10.37,-0.96,14,2,13,0,9,4,2533,2129,,68.1,94.4,.372,.372,.517,53.2,54.6,9.4,11.8,.477,21.8,36.8,.264
23,Bethune-Cookman,34,14,20,.412,-9.54,-6.44,7,9,9,4,2,14,2283,2318,,67.2,100.7,.475,.304,.545,53.4,57.1,8.8,9.2,.506,19.7,35.1,.323
24,Binghamton,30,3,27,.100,-18.52,-3.70,1,15,2,12,1,14,1676,2081,,66.2,104.8,.315,.406,.530,54.6,60.9,11.8,6.1,.509,14.8,33.9,.200
25,Boise State NCAA,32,21,11,.656,9.44,5.27,9,7,14,1,5,8,2343,2095,,66.3,98.3,.407,.384,.541,48.9,56.6,8.7,8.1,.502,18.2,26.5,.287
26,Boston College,33,16,17,.485,6.09,7.03,7,11,12,6,3,7,2215,2246,,64.0,105.8,.291,.323,.538,53.0,48.7,8.9,9.0,.511,15.4,33.3,.203
27,Boston University,30,17,13,.567,-0.60,-3.93,11,5,9,3,7,9,2035,1935,,65.5,97.7,.332,.326,.514,54.9,50.1,8.9,9.3,.474,18.4,34.6,.241
28,Bowling Green State,32,13,19,.406,-3.32,-1.75,7,9,11,5,1,12,2010,2033,,63.9,97.8,.335,.312,.513,52.5,53.5,11.4,7.4,.479,17.5,33.9,.230
29,Bradley,35,18,17,.514,1.25,1.97,7,11,14,4,4,10,2371,2396,,66.1,102.8,.353,.371,.548,53.7,57.2,8.8,8.2,.510,18.8,35.0,.261
30,Brigham Young,36,24,12,.667,10.66,3.75,10,6,15,3,7,5,2777,2502,,71.1,97.8,.369,.352,.514,49.6,57.9,8.8,8.0,.479,16.8,30.2,.249
31,Brown,28,13,15,.464,-6.33,-3.03,7,7,8,5,5,10,1748,1800,,63.7,98.8,.330,.345,.518,50.1,54.9,11.6,9.0,.488,16.3,29.1,.222
32,Bryant,31,19,12,.613,-2.08,-4.72,12,6,11,5,8,7,2294,2212,,67.0,106.1,.302,.393,.544,51.6,55.5,10.1,11.2,.518,15.3,33.3,.209
33,Bucknell NCAA,34,28,6,.824,6.95,-1.96,12,2,14,1,12,4,2277,1966,,62.6,92.3,.291,.309,.463,47.7,48.9,7.2,5.8,.425,12.6,26.5,.205
34,Buffalo,34,14,20,.412,-1.94,-0.35,7,9,9,6,4,10,2275,2287,,64.9,102.8,.365,.314,.514,49.4,52.3,11.3,9.5,.472,14.9,34.9,.262
35,Butler NCAA,36,27,9,.750,10.99,6.08,11,5,14,2,7,4,2495,2299,,64.9,98.1,.355,.310,.508,46.6,49.2,10.0,9.1,.468,15.2,28.9,.250
36,Cal Poly,32,18,14,.563,-0.46,-0.62,12,6,13,1,4,12,2074,2020,,60.0,104.3,.368,.345,.554,51.8,58.9,6.5,10.4,.523,17.3,31.2,.256
37,Cal State Bakersfield,30,14,16,.467,-6.44,-2.17,0,0,9,4,3,11,2041,2070,,67.7,100.3,.487,.346,.551,52.8,56.0,9.0,9.3,.510,19.7,32.9,.338
38,Cal State Fullerton,32,14,18,.438,-2.97,-3.03,6,12,6,7,6,10,2451,2381,,70.2,106.0,.355,.320,.561,57.4,58.3,8.1,8.6,.533,19.5,39.8,.245
39,Cal State Northridge,31,14,17,.452,-3.89,-1.93,5,13,6,7,5,10,2333,2309,,71.5,104.1,.383,.360,.566,50.0,56.5,9.5,8.6,.535,19.4,33.5,.267
40,UC-Davis,31,14,17,.452,-3.50,-2.57,9,9,6,7,6,9,2210,2239,,67.3,106.9,.310,.357,.530,52.4,58.3,11.3,9.5,.496,13.4,33.0,.223
41,UC-Irvine,37,21,16,.568,0.17,-0.66,11,7,13,1,5,13,2558,2418,,67.0,96.5,.371,.297,.479,51.1,52.5,9.1,7.6,.435,13.9,32.8,.258
42,UC-Riverside,31,6,25,.194,-11.49,-1.71,3,15,5,9,1,14,1829,2062,,64.5,102.7,.320,.396,.536,50.4,58.8,10.1,9.0,.501,16.0,30.8,.232
43,UC-Santa Barbara,31,11,20,.355,-4.22,0.40,7,11,8,6,3,13,2003,2090,,64.2,103.7,.372,.362,.527,51.5,58.9,10.3,8.3,.488,15.5,34.1,.264
44,University of California NCAA,33,21,12,.636,10.65,7.77,12,6,11,5,6,5,2218,2123,,66.5,96.4,.325,.293,.480,50.0,51.1,8.9,7.2,.443,14.3,33.2,.223
45,Campbell,33,13,20,.394,-10.25,-5.55,7,9,8,8,4,9,2284,2395,,67.7,104.8,.378,.324,.539,54.1,56.7,10.4,7.4,.506,17.4,39.4,.260
46,Canisius,34,20,14,.588,2.37,-0.99,11,7,12,4,8,9,2499,2385,,66.8,104.2,.324,.365,.536,51.4,59.6,9.9,10.3,.504,17.0,36.6,.230
47,Central Arkansas,30,13,17,.433,-10.87,-6.12,7,11,8,7,5,8,2294,2359,,73.2,104.8,.403,.272,.533,54.1,56.2,9.9,8.7,.504,16.8,40.0,.262
48,Central Connecticut State,30,13,17,.433,-8.24,-4.04,9,9,6,6,7,10,2186,2312,,70.7,107.2,.293,.352,.541,57.4,55.8,8.1,7.4,.517,16.0,40.0,.198
49,Central Florida,31,20,11,.645,3.44,0.96,9,7,14,5,5,6,2194,2079,,66.5,100.0,.254,.329,.504,51.2,56.3,11.4,8.6,.478,16.0,36.6,.173
50,Central Michigan,31,11,20,.355,-6.14,-1.21,4,12,6,6,2,13,2092,2226,,65.5,108.8,.339,.356,.568,55.3,57.8,9.1,13.0,.544,17.3,37.7,.230
51,Charleston Southern,32,19,13,.594,-2.07,-5.62,12,4,11,3,6,9,2361,2144,,68.1,97.6,.291,.365,.511,50.1,50.1,8.7,11.1,.479,17.3,32.5,.207
52,Charlotte,33,21,12,.636,2.69,2.75,8,8,12,3,5,7,2229,2231,,68.2,98.4,.393,.362,.512,49.4,51.0,10.9,9.4,.469,17.4,34.4,.277
53,Chattanooga,32,13,19,.406,-10.47,-4.97,8,10,8,9,4,9,2218,2318,,68.8,104.4,.324,.434,.558,49.4,65.9,10.8,9.3,.531,17.3,30.6,.226
54,Chicago State,33,11,22,.333,-11.77,-4.91,3,5,8,5,2,16,2151,2276,,68.2,99.2,.460,.337,.545,54.9,56.6,10.0,8.5,.503,20.9,36.4,.322
55,Cincinnati NCAA,34,22,12,.647,14.46,6.93,9,9,13,5,4,5,2262,2006,,64.9,89.9,.327,.304,.469,48.3,53.8,8.8,8.8,.433,17.4,33.4,.218
56,Citadel,30,8,22,.267,-16.99,-5.45,5,13,5,8,3,12,1931,2195,,65.0,112.2,.280,.366,.566,54.7,51.7,13.7,8.2,.540,16.1,40.1,.203
57,Clemson,31,13,18,.419,5.82,4.44,5,13,8,7,3,9,1907,1864,,62.2,96.6,.329,.305,.500,52.1,52.9,8.8,7.6,.468,17.4,34.7,.220
58,Cleveland State,32,14,18,.438,-7.34,-0.16,5,11,9,5,3,13,2051,2226,,65.4,105.9,.433,.338,.567,54.1,62.5,10.0,10.3,.522,18.9,36.8,.323
59,Coastal Carolina,29,14,15,.483,-5.61,-5.22,9,7,12,4,2,11,1943,1840,,65.6,96.2,.381,.419,.521,48.5,55.2,9.3,7.6,.484,20.2,34.2,.264
60,Colgate,32,11,21,.344,-8.73,-2.58,5,9,7,5,3,16,2033,2230,,66.4,104.6,.330,.344,.524,52.2,53.9,9.7,8.2,.491,13.2,29.5,.230
61,College of Charleston,35,24,11,.686,0.17,-3.86,14,4,10,7,11,2,2297,2176,,63.8,97.4,.263,.292,.486,48.2,42.4,11.2,7.8,.452,13.3,30.2,.189
62,Colorado State NCAA,35,26,9,.743,13.65,5.89,11,5,16,1,6,6,2553,2229,,64.6,98.3,.364,.371,.513,43.1,43.8,8.0,8.0,.477,14.9,25.9,.249
63,Colorado NCAA,33,21,12,.636,11.95,7.95,10,8,12,3,5,7,2230,2098,,65.7,95.4,.253,.365,.488,49.8,46.8,10.1,10.1,.459,16.5,33.1,.175
64,Columbia,28,12,16,.429,-3.25,-3.48,4,10,6,7,5,9,1746,1694,,61.3,98.7,.396,.290,.528,51.5,50.9,7.9,11.3,.489,17.8,29.4,.279
65,Connecticut,30,20,10,.667,11.88,7.42,10,8,13,3,4,5,2096,1962,,64.9,97.2,.310,.310,.488,55.6,51.0,10.0,10.2,.453,16.8,40.1,.214
66,Coppin State,32,8,24,.250,-12.65,-4.20,5,11,4,7,4,15,2035,2277,,69.3,101.0,.375,.367,.529,58.8,57.9,10.5,12.8,.499,19.7,43.6,.248
67,Cornell,31,13,18,.419,-7.27,-2.37,5,9,4,10,7,8,2040,2168,,67.2,104.1,.366,.363,.564,53.0,58.8,9.6,11.3,.531,18.3,30.2,.263
68,Creighton NCAA,36,28,8,.778,16.44,5.16,13,5,15,2,7,5,2680,2274,,65.0,97.2,.261,.332,.488,48.4,51.1,10.2,7.8,.459,13.9,29.2,.178
69,Dartmouth,28,9,19,.321,-9.21,-3.17,5,9,6,7,3,12,1719,1844,,64.1,102.3,.415,.334,.547,53.4,54.0,10.1,11.1,.501,18.6,33.3,.308
70,Davidson NCAA,34,26,8,.765,7.27,-3.45,17,1,12,1,9,4,2490,2110,,64.8,95.5,.368,.264,.497,50.7,41.0,8.5,8.8,.452,16.3,30.7,.264
71,Dayton,31,17,14,.548,9.36,4.27,7,9,13,4,2,8,2225,2067,,66.4,99.7,.375,.329,.530,49.2,59.9,8.8,10.3,.492,18.3,33.2,.264
72,Delaware State,33,15,18,.455,-11.19,-5.90,8,8,8,3,5,12,1997,2094,,62.3,100.0,.321,.287,.513,54.7,57.3,10.8,9.7,.482,18.2,40.8,.218
73,Delaware,33,19,14,.576,-0.78,-0.81,13,5,9,4,8,7,2276,2275,,66.6,101.9,.330,.311,.499,50.2,51.4,10.3,7.5,.465,13.5,34.0,.224
74,Denver,32,22,10,.688,9.20,0.26,16,2,14,2,8,7,2076,1790,,59.7,93.3,.410,.245,.520,57.8,44.3,8.0,8.6,.473,22.6,37.3,.296
75,DePaul,32,11,21,.344,1.71,5.61,2,16,7,10,4,8,2284,2409,,71.4,104.2,.362,.255,.547,55.7,53.2,11.2,10.2,.515,18.4,40.1,.251
76,Detroit Mercy,33,20,13,.606,6.71,1.62,12,4,13,2,7,10,2568,2340,,70.1,101.1,.352,.337,.559,52.7,51.7,7.5,9.6,.527,20.5,34.0,.250
77,Drake,32,15,17,.469,3.43,5.14,7,11,9,6,4,7,2296,2319,,68.5,104.6,.387,.356,.553,54.2,56.4,11.0,10.3,.509,16.6,31.3,.291
78,Drexel,31,13,18,.419,-1.08,-0.98,9,9,5,8,7,7,1953,1956,,61.4,100.8,.434,.310,.534,49.4,48.1,9.1,9.5,.487,16.6,28.6,.314
79,Duke NCAA,36,30,6,.833,21.43,9.54,14,4,16,0,5,4,2778,2350,,68.2,95.7,.327,.269,.496,52.7,40.0,7.3,8.1,.455,17.5,34.7,.237
80,Duquesne,30,8,22,.267,-4.54,3.50,1,15,6,9,2,12,2028,2269,,69.4,108.2,.328,.345,.541,54.1,58.8,10.3,11.3,.515,14.8,36.9,.222
81,East Carolina,35,23,12,.657,2.56,0.81,9,7,17,4,6,7,2679,2484,,70.0,100.4,.315,.269,.504,53.2,58.7,9.0,9.3,.475,16.2,37.3,.211
82,East Tennessee State,32,10,22,.313,-13.15,-2.25,8,10,5,8,5,10,1994,2284,,66.1,107.5,.324,.431,.562,56.7,65.4,10.9,9.9,.537,18.3,38.2,.222
83,Eastern Illinois,32,11,21,.344,-8.93,-5.09,6,10,5,9,4,11,1933,2055,,60.7,105.4,.379,.404,.568,53.0,61.4,10.1,12.1,.540,18.9,33.3,.261
84,Eastern Kentucky,35,25,10,.714,1.66,-3.92,12,4,15,1,9,8,2586,2303,,65.6,99.5,.434,.341,.551,56.9,58.9,9.7,10.8,.506,22.7,40.5,.318
85,Eastern Michigan,34,16,18,.471,-6.25,-1.25,7,9,13,5,2,12,1926,2011,,61.0,96.5,.357,.441,.495,53.6,72.8,12.3,6.6,.463,19.3,41.0,.234
86,Eastern Washington,31,10,21,.323,-10.77,-5.48,7,13,7,7,2,13,2146,2310,,68.4,107.2,.362,.286,.518,54.8,61.2,10.5,11.8,.481,13.3,38.1,.254
87,Elon,33,21,12,.636,-3.58,-5.19,13,5,12,3,8,8,2273,2144,,66.7,96.3,.358,.304,.502,53.4,48.9,9.6,6.3,.464,17.1,32.0,.248
88,Evansville,36,21,15,.583,5.26,2.91,10,8,15,3,5,11,2490,2374,,65.7,99.3,.352,.331,.537,52.8,54.7,8.6,9.0,.506,19.0,32.5,.242
89,Fairfield,35,19,16,.543,-0.55,-2.00,9,9,7,5,7,10,2122,2071,,62.0,94.7,.456,.243,.495,51.9,42.6,11.3,10.5,.444,18.5,35.8,.316
90,Fairleigh Dickinson,31,7,24,.226,-18.00,-4.65,2,16,2,10,3,14,2034,2448,,69.1,113.3,.357,.323,.556,58.8,58.8,12.2,8.2,.526,14.6,42.9,.248
91,Florida A&M,31,8,23,.258,-16.14,-6.21,5,11,6,4,1,17,2015,2235,,70.2,101.1,.412,.294,.533,56.8,53.0,10.6,10.2,.499,19.4,42.6,.276
92,Florida Atlantic,32,14,18,.438,-5.88,-2.49,9,11,11,4,3,13,2092,2164,,66.3,100.5,.362,.287,.493,52.0,46.0,11.2,10.1,.454,14.4,37.1,.248
93,Florida Gulf Coast NCAA,37,26,11,.703,2.76,-2.07,13,5,15,1,6,9,2696,2469,,69.5,95.0,.332,.379,.500,51.7,55.8,10.3,8.3,.465,19.0,35.4,.228
94,Florida International,32,18,14,.563,-2.08,-2.11,11,9,10,3,6,10,2210,2209,,69.6,99.2,.371,.367,.541,55.3,58.8,9.5,11.2,.511,21.8,39.8,.250
95,Florida State,34,18,16,.529,5.67,7.23,9,9,10,8,3,7,2278,2331,,66.3,103.4,.348,.324,.530,54.4,53.7,10.8,8.6,.497,17.5,40.0,.241
96,Florida NCAA,37,29,8,.784,23.86,6.83,14,4,15,0,7,5,2642,2012,,62.9,86.4,.299,.328,.464,48.6,50.9,9.3,7.9,.433,19.4,31.0,.195
97,Fordham,31,7,24,.226,-6.90,4.59,3,13,4,7,1,15,1997,2353,,68.8,110.3,.448,.351,.550,50.6,58.8,11.6,9.7,.510,13.9,35.0,.313
98,Fresno State,30,11,19,.367,3.31,6.56,5,11,6,8,5,10,1798,1829,,62.1,97.3,.471,.305,.503,55.5,52.0,7.7,10.8,.456,18.0,38.1,.318
99,Furman,31,7,24,.226,-17.46,-5.29,3,15,5,9,1,14,1869,2180,,64.7,108.7,.294,.306,.547,54.9,57.4,11.4,7.5,.519,15.2,36.8,.209
100,Gardner-Webb,34,21,13,.618,-3.22,-5.93,11,5,12,3,6,9,2236,2066,,64.3,92.9,.343,.326,.505,50.1,51.0,10.4,7.6,.477,20.6,34.1,.221
101,George Mason,38,22,16,.579,2.01,-0.17,10,8,10,7,8,6,2587,2504,,65.8,99.1,.445,.359,.519,51.8,53.5,8.8,9.0,.473,18.6,37.5,.312
102,George Washington,30,13,17,.433,4.22,3.49,7,9,7,7,5,9,1988,1966,,68.1,95.9,.327,.292,.508,48.7,49.5,13.9,9.9,.474,18.4,34.1,.227
103,Georgetown NCAA,32,25,7,.781,15.84,7.59,14,4,16,1,6,3,2070,1806,,62.4,89.0,.353,.340,.469,51.6,56.7,10.0,9.6,.430,19.1,34.1,.235
104,Georgia Southern,33,14,19,.424,-9.67,-5.02,7,11,7,6,5,11,2050,2148,,63.1,102.0,.375,.340,.529,53.7,50.5,10.2,8.7,.493,17.8,37.1,.260
105,Georgia State,31,15,16,.484,-2.04,-2.40,10,8,9,7,6,9,2114,2075,,64.1,103.1,.366,.401,.544,53.8,60.0,8.2,11.4,.509,18.1,35.3,.258
106,Georgia Tech,31,16,15,.516,6.60,4.67,6,12,11,6,3,7,1993,1933,,66.3,93.7,.330,.328,.487,49.9,55.7,9.3,10.5,.454,16.5,30.6,.220
107,Georgia,32,15,17,.469,5.31,6.09,9,9,12,6,3,8,1946,1971,,62.4,97.1,.379,.375,.490,50.2,49.0,12.0,9.7,.450,15.7,33.0,.258
108,Gonzaga NCAA,35,32,3,.914,20.47,4.18,16,0,15,1,10,1,2696,2095,,65.3,91.7,.294,.387,.482,46.7,47.6,9.5,8.5,.449,18.1,32.2,.200
109,Grambling,28,0,28,.000,-35.85,-9.17,0,18,0,9,0,18,1391,2138,,65.6,116.3,.349,.335,.545,60.5,56.5,15.5,10.7,.522,12.1,47.1,.226
110,Green Bay,34,18,16,.529,1.67,-0.27,10,6,12,3,4,12,2247,2142,,64.1,97.5,.332,.356,.513,48.7,55.5,11.2,8.2,.472,16.1,29.1,.245
111,Hampton,31,14,17,.452,-9.35,-7.84,11,5,7,7,7,8,1936,1983,,68.9,91.3,.425,.318,.480,51.0,49.9,10.1,10.6,.438,19.0,35.4,.277
112,Hartford,31,17,14,.548,-5.84,-4.71,10,6,10,5,7,8,1863,1898,,64.2,95.3,.415,.312,.529,56.2,47.0,10.7,10.7,.494,21.6,34.7,.279
113,Harvard NCAA,30,20,10,.667,3.95,0.16,11,3,13,1,6,8,2049,1924,,63.8,99.2,.310,.283,.524,53.7,48.8,9.7,9.9,.488,18.2,34.4,.225
114,Hawaii,32,17,15,.531,-1.73,-2.37,10,8,12,7,4,7,2336,2305,,69.7,102.9,.318,.373,.523,48.4,55.2,10.5,7.2,.491,14.8,32.4,.222
115,High Point,31,17,14,.548,-4.66,-7.25,12,4,10,5,6,8,2221,2052,,67.4,97.4,.397,.325,.508,50.3,51.1,8.7,7.0,.472,17.5,34.4,.264
116,Hofstra,32,7,25,.219,-10.76,-1.92,4,14,6,9,1,14,1873,2132,,64.9,101.8,.361,.330,.523,53.1,55.9,12.2,12.7,.484,17.2,37.4,.256
117,Holy Cross,30,12,18,.400,-6.14,-2.97,4,10,7,5,4,12,1834,1929,,62.3,102.8,.311,.362,.510,52.6,56.4,9.1,10.6,.477,13.5,32.8,.217
118,Houston Baptist,31,14,17,.452,-15.17,-8.03,3,5,7,5,3,12,1982,2080,,69.6,94.9,.409,.263,.508,52.3,48.1,13.2,9.6,.465,19.8,35.9,.285
119,Houston,33,20,13,.606,-0.30,-3.77,7,9,14,4,5,8,2578,2420,,70.1,101.9,.337,.332,.516,49.9,54.6,9.2,8.1,.484,15.8,34.1,.230
120,Howard,31,7,24,.226,-14.42,-5.35,4,12,5,7,2,13,1615,1868,,62.1,97.1,.368,.349,.505,52.8,52.9,10.7,8.4,.468,19.0,38.5,.250
121,Idaho State,30,6,24,.200,-12.98,-4.85,5,15,5,7,1,14,1710,1928,,60.4,105.5,.337,.385,.545,57.5,58.8,9.2,9.9,.517,17.8,38.0,.230
122,Idaho,30,12,18,.400,-2.19,0.33,7,11,6,8,6,8,2050,2079,,63.3,108.5,.306,.348,.536,48.5,47.1,10.5,8.5,.509,12.2,31.2,.209
123,Illinois-Chicago,34,18,16,.529,-1.78,-0.69,7,9,12,4,4,10,2136,2134,,63.8,97.4,.342,.340,.503,54.1,55.1,8.6,10.3,.462,16.9,34.6,.244
124,Illinois State,33,18,15,.545,9.63,3.72,8,10,11,5,5,8,2460,2265,,69.3,98.3,.340,.358,.519,52.6,54.4,9.0,6.7,.484,18.2,33.8,.238
125,Illinois NCAA,36,23,13,.639,13.23,10.08,8,10,12,4,6,6,2465,2332,,65.5,98.6,.358,.355,.521,53.4,53.3,8.4,9.1,.485,18.6,36.9,.251
126,Indiana State,33,18,15,.545,5.08,5.64,9,9,11,3,4,10,2159,2164,,65.3,98.9,.387,.310,.507,53.0,51.3,10.3,6.4,.466,15.8,32.6,.270
127,Indiana NCAA,36,29,7,.806,24.90,8.38,14,4,17,2,7,2,2831,2236,,67.1,91.9,.270,.327,.474,46.7,43.3,9.4,11.2,.440,17.8,34.0,.191
128,Iona NCAA,34,20,14,.588,4.04,-0.02,11,7,11,1,5,9,2733,2595,,70.5,105.5,.321,.349,.540,52.9,56.1,7.6,11.0,.516,16.5,37.4,.215
129,Iowa State NCAA,35,23,12,.657,14.50,6.13,11,7,16,1,4,7,2779,2486,,70.0,100.0,.327,.333,.518,48.8,53.8,9.3,8.5,.480,16.2,31.0,.237
130,Iowa,38,25,13,.658,14.22,6.93,9,9,18,2,3,8,2665,2388,,66.6,93.4,.311,.332,.480,48.9,51.8,10.3,10.7,.441,16.7,33.4,.220
131,Purdue-Fort Wayne,33,16,17,.485,-7.00,-5.32,7,9,10,4,4,10,2213,2178,,65.7,99.0,.368,.328,.540,49.8,47.6,9.5,7.8,.507,18.1,27.6,.255
132,IUPUI,32,6,26,.188,-15.93,-2.79,1,15,3,8,1,13,2096,2451,,66.2,113.9,.305,.316,.578,57.8,54.1,10.2,7.4,.547,14.9,36.5,.229
133,Jackson State,29,11,18,.379,-14.80,-9.52,9,9,6,3,4,14,1920,2073,,69.4,101.7,.393,.324,.530,56.8,47.8,8.9,10.2,.500,17.9,38.1,.258
134,Jacksonville State,28,17,11,.607,-4.48,-4.29,8,8,9,3,6,8,1857,1817,,63.8,100.8,.381,.269,.537,56.6,52.0,10.1,10.4,.494,20.8,43.7,.281
135,Jacksonville,32,14,18,.438,-10.47,-4.74,9,9,10,3,3,13,2181,2300,,69.3,102.0,.383,.329,.535,51.6,56.3,10.4,10.2,.498,17.9,34.6,.268
136,James Madison NCAA,36,21,15,.583,-1.73,-2.28,11,7,10,4,4,9,2346,2326,,64.1,100.0,.392,.341,.526,53.8,57.0,8.2,8.5,.487,18.1,34.5,.273
137,Kansas State NCAA,35,27,8,.771,13.53,6.53,14,4,15,1,7,3,2414,2115,,63.6,95.0,.360,.300,.504,49.4,51.7,8.7,8.9,.466,19.0,35.7,.248
138,Kansas NCAA,37,31,6,.838,20.79,7.54,14,4,16,1,7,3,2782,2292,,67.8,89.9,.320,.356,.456,47.4,50.6,10.4,7.4,.415,15.7,31.3,.220
139,Kennesaw State,30,3,27,.100,-15.40,-4.76,2,16,2,10,1,15,1831,2150,,64.5,108.9,.476,.313,.585,56.4,56.6,10.0,9.2,.555,18.6,38.2,.325
140,Kent State,35,21,14,.600,2.38,-0.83,9,7,12,6,8,7,2484,2373,,65.8,101.2,.405,.339,.524,51.8,57.7,8.9,10.7,.487,17.7,36.8,.277
141,Kentucky,33,21,12,.636,13.94,5.78,12,6,16,2,4,8,2396,2127,,66.8,95.8,.302,.284,.478,48.8,47.2,8.8,9.0,.439,14.9,33.5,.217
142,La Salle NCAA,34,24,10,.706,10.14,4.46,11,5,13,2,8,6,2450,2257,,66.5,99.1,.285,.246,.520,55.4,50.0,8.7,10.7,.493,18.3,37.7,.194
143,Lafayette,34,19,15,.559,-3.00,-2.36,10,4,14,3,5,12,2349,2346,,65.8,104.5,.314,.322,.548,56.2,52.7,9.8,8.5,.522,17.8,36.3,.215
144,Lamar,31,3,28,.097,-20.55,-3.26,1,17,1,10,1,17,1862,2398,,70.7,108.4,.290,.282,.528,53.3,54.4,13.9,9.7,.503,13.5,38.4,.195
145,Lehigh,31,21,10,.677,3.95,-3.01,10,4,11,3,9,7,2266,2022,,66.6,97.9,.288,.363,.501,55.0,60.2,7.8,8.9,.469,17.4,37.3,.200
146,Liberty NCAA,36,15,21,.417,-9.13,-5.80,6,10,8,7,4,11,2489,2519,,66.6,104.0,.385,.334,.511,52.8,51.3,9.9,10.1,.473,13.5,35.3,.263
147,Lipscomb,30,12,18,.400,-11.70,-3.45,7,11,8,6,4,11,2079,2300,,70.9,106.8,.444,.412,.548,50.1,58.9,11.4,12.0,.517,16.2,34.5,.294
148,Cal State Long Beach,33,19,14,.576,-1.18,1.92,14,4,11,3,7,10,2291,2360,,68.2,104.5,.320,.360,.531,52.9,60.9,9.6,8.1,.504,16.9,38.2,.215
149,Long Island University NCAA,34,20,14,.588,-3.21,-5.80,12,6,12,2,7,9,2677,2589,,70.0,108.0,.316,.309,.550,51.4,54.2,9.8,10.0,.526,15.8,37.2,.214
150,Longwood,33,8,25,.242,-19.36,-5.10,4,12,4,9,2,14,2270,2687,,72.4,112.1,.344,.292,.570,54.5,55.9,12.4,8.0,.539,15.9,37.3,.249
151,Louisiana,33,13,20,.394,-4.92,-2.23,8,12,10,5,2,14,2337,2413,,71.0,101.9,.428,.305,.528,55.7,45.6,9.1,10.1,.486,17.9,38.6,.298
152,Louisiana-Monroe,27,4,23,.148,-13.97,-1.45,3,17,3,9,1,13,1621,1959,,66.9,107.4,.396,.364,.569,56.8,55.3,12.1,14.1,.535,18.8,37.9,.282
153,Louisiana State,31,19,12,.613,5.82,4.01,9,9,14,3,4,8,2194,2138,,69.0,98.3,.380,.308,.508,52.5,43.9,10.5,10.9,.470,18.3,37.9,.260
154,Louisiana Tech,34,27,7,.794,5.48,-2.06,16,2,14,0,11,6,2470,2151,,70.6,89.7,.353,.284,.482,52.7,46.4,8.5,8.9,.445,20.9,37.2,.236
155,Louisville NCAA,40,35,5,.875,24.81,9.13,14,4,15,1,8,3,2978,2351,,66.4,87.1,.349,.333,.483,48.9,49.7,8.3,8.1,.448,23.1,35.4,.230
156,Loyola (IL),31,15,16,.484,-1.03,-2.30,5,11,8,6,6,9,1995,1934,,63.1,98.5,.300,.313,.516,51.0,50.5,10.7,11.7,.484,16.3,31.0,.209
157,Loyola Marymount,34,11,23,.324,-3.04,2.86,1,15,5,9,2,12,2202,2338,,66.0,103.0,.404,.358,.542,52.1,58.5,10.2,8.5,.511,18.1,34.7,.271
158,Loyola (MD),35,23,12,.657,1.33,-2.10,12,6,13,3,7,8,2341,2221,,63.9,97.9,.424,.295,.498,52.1,49.0,8.1,10.4,.458,17.6,40.1,.281
159,Maine,30,11,19,.367,-9.57,-4.12,6,10,8,4,3,15,1988,2091,,69.1,100.9,.332,.323,.510,52.0,51.1,11.0,6.8,.475,15.1,33.9,.230
160,Manhattan,32,14,18,.438,-1.97,-0.38,9,9,7,4,5,11,1865,1916,,62.5,95.0,.465,.328,.510,53.0,58.2,11.2,12.7,.461,19.9,36.1,.322
161,Marist,31,10,21,.323,-6.34,-1.63,6,12,6,7,3,11,2045,2191,,67.8,103.0,.320,.302,.528,55.1,51.1,11.3,9.4,.499,16.3,35.6,.218
162,Marquette NCAA,35,26,9,.743,14.04,8.58,14,4,16,0,5,6,2382,2191,,63.4,97.4,.317,.359,.495,49.2,59.5,10.2,9.8,.462,16.6,36.8,.216
163,Marshall,32,13,19,.406,-3.62,0.93,6,10,11,4,1,11,2208,2327,,68.8,104.9,.383,.293,.526,51.5,56.7,12.4,7.7,.495,16.0,39.5,.254
164,Maryland-Baltimore County,31,8,23,.258,-12.50,-3.70,5,11,6,8,1,14,1970,2216,,67.6,104.1,.446,.352,.546,54.9,56.3,10.9,7.9,.508,17.7,35.4,.308
165,Maryland-Eastern Shore,28,2,26,.071,-19.61,-5.11,2,14,2,6,0,15,1535,1941,,64.6,106.4,.332,.344,.559,54.4,59.3,11.1,12.1,.537,18.3,39.3,.220
166,Maryland,38,25,13,.658,11.37,4.66,8,10,18,3,4,7,2688,2433,,67.3,94.8,.297,.339,.474,46.0,51.2,10.1,10.2,.436,13.6,30.3,.210
167,Massachusetts,33,21,12,.636,5.82,4.55,9,7,10,5,8,4,2408,2366,,70.9,100.8,.350,.326,.513,52.1,55.2,10.0,8.8,.474,16.1,35.8,.248
168,McNeese State,31,14,17,.452,-11.49,-4.63,7,11,9,5,4,11,2055,2172,,66.0,103.6,.359,.295,.517,54.7,56.6,8.8,7.9,.480,16.3,40.1,.249
169,Memphis NCAA,36,31,5,.861,12.26,2.70,16,0,17,1,9,1,2681,2337,,69.5,92.7,.349,.304,.492,49.2,50.1,10.6,8.1,.455,19.0,33.9,.236
170,Mercer,36,24,12,.667,0.69,-4.08,14,4,13,0,9,8,2371,2135,,62.9,93.7,.392,.375,.495,52.7,52.6,9.1,9.4,.457,19.1,35.7,.258
171,Miami (FL) NCAA,36,29,7,.806,16.99,7.88,15,3,14,1,10,3,2509,2181,,64.0,94.3,.283,.349,.484,49.9,48.9,8.3,8.3,.457,15.9,30.7,.184
172,Miami (OH),31,9,22,.290,-6.62,-0.26,3,13,5,8,4,13,1954,2128,,65.3,104.6,.375,.382,.564,56.3,59.4,11.1,10.9,.538,19.9,37.6,.254
173,Michigan State NCAA,36,27,9,.750,18.64,10.55,13,5,17,1,6,5,2448,2129,,64.7,91.4,.320,.342,.476,46.7,51.5,11.5,8.8,.441,16.6,30.1,.213
174,Michigan NCAA,39,31,8,.795,21.28,10.05,12,6,17,1,5,5,2932,2467,,64.1,97.7,.226,.335,.501,50.1,52.5,8.3,8.3,.478,16.0,32.3,.154
175,Middle Tennessee NCAA,34,28,6,.824,11.16,-1.52,19,1,15,0,11,3,2405,1974,,65.6,87.9,.428,.317,.481,47.7,46.3,9.8,7.0,.444,20.5,31.5,.271
176,Milwaukee,32,8,24,.250,-10.33,-0.26,3,13,7,7,1,15,2007,2264,,66.0,105.5,.304,.306,.530,56.6,54.2,11.5,11.6,.500,15.2,39.2,.213
177,Minnesota NCAA,34,21,13,.618,16.83,10.31,8,10,15,2,3,8,2337,2115,,63.5,97.6,.367,.347,.497,46.9,56.3,12.0,9.1,.456,17.1,36.9,.255
178,Mississippi State,32,10,22,.313,-4.54,4.34,4,14,7,7,1,11,1940,2224,,68.2,101.0,.258,.365,.524,55.4,56.6,12.3,13.4,.499,18.8,39.8,.178
179,Mississippi Valley State,28,5,23,.179,-19.13,-8.28,5,13,4,5,1,16,1765,2069,,70.7,104.0,.431,.274,.542,56.7,49.1,11.1,11.2,.515,18.8,41.9,.276
180,Mississippi NCAA,36,27,9,.750,14.42,4.14,12,6,16,1,6,6,2779,2409,,70.5,94.0,.311,.363,.495,51.9,54.6,8.1,7.8,.464,18.5,35.5,.206
181,Missouri-Kansas City,32,8,24,.250,-13.61,-2.74,5,11,3,11,4,11,1950,2252,,65.2,108.0,.416,.310,.568,53.2,55.1,12.1,9.3,.540,16.8,33.3,.282
182,Missouri State,33,11,22,.333,-2.80,4.65,7,11,8,7,2,12,1966,2136,,61.5,104.6,.386,.350,.546,55.4,55.9,7.7,9.6,.510,17.1,33.3,.272
183,Missouri NCAA,34,23,11,.676,15.41,6.00,11,7,17,0,2,8,2588,2268,,68.2,97.0,.297,.349,.493,46.3,46.3,9.3,8.2,.461,15.1,31.5,.203
184,Monmouth,31,10,21,.323,-12.02,-4.19,5,13,5,8,3,13,2009,2252,,70.8,102.6,.415,.384,.561,57.9,61.0,10.1,13.7,.529,21.8,41.3,.285
185,Montana State,30,13,17,.433,-10.90,-6.69,10,10,10,6,3,10,2118,2181,,67.0,106.7,.382,.353,.582,53.9,53.4,9.4,8.1,.548,19.3,33.0,.280
186,Montana NCAA,32,25,7,.781,-1.11,-4.21,19,1,15,1,10,4,2238,2096,,63.8,100.7,.350,.303,.519,53.6,48.6,8.9,8.4,.481,16.1,33.7,.248
187,Morehead State,33,15,18,.455,-5.36,-1.81,8,8,10,5,3,12,2396,2408,,70.9,101.4,.580,.348,.571,48.1,63.2,11.2,10.3,.517,21.2,32.8,.421
188,Morgan State,32,17,15,.531,-5.39,-7.51,10,6,5,4,8,9,2162,2094,,67.3,95.7,.382,.307,.492,51.6,49.0,10.5,8.0,.453,18.3,39.7,.257
189,Mount St. Mary's,32,18,14,.563,-5.85,-4.10,11,7,10,2,8,12,2233,2289,,67.6,105.4,.382,.241,.580,56.5,51.5,8.8,7.7,.557,20.8,37.1,.255
190,Murray State,31,21,10,.677,1.21,-2.89,10,6,10,4,8,4,2257,2071,,67.0,98.1,.329,.319,.511,50.7,53.3,9.8,7.9,.471,17.7,34.5,.240
191,Navy,31,8,23,.258,-11.31,-4.44,2,12,5,9,2,13,1709,1888,,60.6,100.1,.378,.399,.525,57.6,61.3,8.5,8.9,.491,18.5,37.7,.256
192,Omaha,31,11,20,.355,-15.18,-3.90,6,10,7,6,3,13,2215,2548,,71.6,114.8,.291,.341,.578,57.5,51.9,10.8,6.4,.556,15.3,39.5,.205
193,Nebraska,33,15,18,.455,4.40,9.59,5,13,11,7,2,9,1923,2094,,61.8,102.6,.389,.313,.521,55.7,49.7,8.4,11.3,.486,15.5,34.4,.263
194,Nevada-Las Vegas NCAA,35,25,10,.714,12.92,5.71,10,6,17,2,6,6,2498,2206,,68.9,91.1,.294,.319,.475,48.0,50.9,9.4,6.7,.439,16.3,29.5,.204
195,Nevada,31,12,19,.387,0.45,5.35,3,13,10,7,2,11,2092,2229,,66.9,106.6,.396,.341,.548,54.5,58.5,9.8,11.3,.517,16.2,35.7,.269
196,New Hampshire,29,9,20,.310,-8.26,-4.19,5,11,6,6,3,13,1745,1819,,64.5,96.4,.364,.311,.495,54.0,45.9,9.8,8.5,.452,16.3,32.9,.258
197,New Mexico State NCAA,35,24,11,.686,5.11,0.70,14,4,15,1,6,8,2355,2175,,65.2,94.6,.303,.299,.488,46.9,47.2,9.4,7.9,.450,16.2,31.6,.217
198,New Mexico NCAA,35,29,6,.829,13.28,6.63,13,3,15,1,8,4,2355,2122,,64.7,93.1,.257,.391,.486,50.6,57.9,8.3,8.5,.459,16.9,30.3,.173
199,New Orleans,26,8,18,.308,-21.26,-6.12,0,0,8,4,0,13,1791,1958,,72.6,101.2,.403,.310,.539,54.7,57.5,12.3,7.2,.508,19.2,38.5,.269
200,Niagara,33,19,14,.576,0.58,-1.15,13,5,11,4,7,8,2436,2379,,68.9,103.1,.406,.358,.550,54.4,55.0,8.0,10.2,.517,19.4,37.7,.279
201,Nicholls State,30,9,21,.300,-10.54,-4.97,8,10,5,5,4,13,2020,2187,,67.3,106.9,.393,.269,.555,56.5,51.3,9.9,11.8,.521,17.8,40.1,.275
202,NJIT,29,16,13,.552,-8.33,-9.01,6,2,12,3,4,9,2042,1869,,68.5,91.8,.384,.339,.480,50.5,58.4,8.9,12.8,.437,18.7,35.5,.262
203,Norfolk State,33,21,12,.636,-5.77,-6.56,16,0,11,0,10,9,2188,2162,,68.7,95.0,.385,.309,.487,53.3,48.4,10.4,10.1,.449,18.4,39.3,.256
204,North Carolina-Asheville,32,16,16,.500,-3.67,-3.98,10,6,10,4,6,8,2296,2213,,69.6,99.0,.319,.312,.517,50.9,56.2,11.3,7.7,.488,17.8,35.3,.215
205,North Carolina A&T NCAA,37,20,17,.541,-6.94,-6.30,8,8,9,3,5,12,2299,2291,,67.1,92.0,.409,.382,.488,53.6,57.0,10.1,10.8,.449,20.1,36.4,.267
206,North Carolina Central,31,22,9,.710,-2.23,-7.05,15,1,12,2,9,5,2079,1758,,64.9,87.3,.383,.357,.479,50.6,53.2,10.5,9.6,.444,21.3,33.6,.245
207,North Carolina-Greensboro,31,9,22,.290,-9.42,-5.31,6,12,6,9,2,12,2222,2286,,71.7,102.9,.501,.330,.548,52.5,49.0,8.6,8.4,.494,17.2,30.4,.367
208,North Carolina State NCAA,35,24,11,.686,14.32,7.17,11,7,16,1,3,7,2708,2458,,68.6,102.0,.290,.323,.504,49.8,45.6,8.7,8.2,.468,14.1,35.2,.210
209,North Carolina-Wilmington,30,10,20,.333,-10.09,-2.27,5,13,9,5,1,15,1899,2111,,66.6,105.7,.372,.303,.536,52.6,50.3,13.3,9.5,.500,15.4,34.9,.261
210,North Carolina NCAA,36,25,11,.694,14.52,8.01,12,6,14,2,7,6,2762,2492,,71.6,96.3,.268,.330,.509,51.4,47.8,9.4,8.4,.480,18.6,35.0,.188
211,North Dakota State,34,24,10,.706,5.21,-4.01,12,4,12,1,7,8,2282,1908,,61.0,91.3,.353,.331,.482,47.8,51.9,9.0,8.7,.439,16.4,26.8,.248
212,North Dakota,33,16,17,.485,-8.53,-5.34,12,8,9,5,6,11,2222,2243,,67.2,100.7,.325,.314,.521,53.9,49.4,10.3,10.7,.485,17.6,36.0,.234
213,North Florida,32,13,19,.406,-7.35,-3.22,8,10,7,4,4,14,2121,2235,,66.7,104.8,.364,.241,.518,55.3,46.2,11.3,11.5,.482,15.7,40.9,.250
214,North Texas,32,12,20,.375,-6.39,-2.73,7,13,8,7,2,11,2117,2201,,67.7,100.5,.337,.312,.509,52.1,48.7,9.9,8.2,.473,15.9,36.7,.234
215,Northeastern,33,20,13,.606,-1.35,-1.93,14,4,7,8,10,3,2273,2254,,63.8,104.6,.291,.329,.551,55.1,49.9,10.8,10.4,.522,19.0,39.8,.209
216,Northern Arizona,32,11,21,.344,-12.02,-3.55,8,12,6,6,4,13,2140,2411,,68.6,107.7,.388,.341,.568,55.4,53.0,11.5,10.3,.532,17.6,34.5,.282
217,Northern Colorado,31,13,18,.419,-7.64,-5.19,10,10,8,5,4,13,2184,2181,,66.4,105.6,.330,.379,.548,50.5,54.9,9.1,8.5,.517,16.2,32.1,.234
218,Northern Illinois,30,5,25,.167,-12.00,-2.20,3,13,3,11,2,14,1619,1885,,62.6,100.0,.509,.427,.550,52.7,56.7,10.6,10.9,.504,19.9,33.4,.359
219,Northern Iowa,36,21,15,.583,8.60,5.23,11,7,16,4,5,6,2400,2229,,63.4,96.6,.260,.349,.514,52.2,46.3,9.9,7.9,.486,17.5,29.2,.185
220,Northern Kentucky,27,11,16,.407,-7.82,-5.42,9,9,5,4,6,9,1582,1647,,60.4,101.0,.357,.350,.534,56.1,54.6,8.2,11.3,.498,18.1,34.5,.253
221,Northwestern State NCAA,32,23,9,.719,0.41,-3.77,15,3,13,1,8,7,2559,2285,,74.4,96.0,.388,.267,.499,52.4,48.1,9.3,5.4,.469,18.9,39.4,.243
222,Northwestern,32,13,19,.406,5.36,8.30,4,14,8,11,3,7,1943,2037,,61.5,103.2,.378,.311,.511,58.6,58.9,9.4,13.0,.482,15.8,41.0,.242
223,Notre Dame NCAA,35,25,10,.714,13.74,7.22,11,7,17,2,4,5,2450,2222,,62.0,99.6,.246,.292,.495,49.4,60.7,9.0,9.3,.468,13.7,32.7,.170
224,Oakland,33,16,17,.485,-4.39,-1.61,10,6,10,2,5,14,2444,2485,,68.9,108.5,.351,.399,.590,53.5,58.9,8.4,11.0,.566,18.7,33.3,.246
225,Ohio State NCAA,37,29,8,.784,20.19,9.32,13,5,16,2,5,5,2599,2197,,64.3,92.0,.295,.362,.491,49.5,48.1,6.8,7.4,.454,18.0,30.0,.211
226,Ohio,34,24,10,.706,6.94,-1.06,14,2,16,2,7,7,2464,2192,,67.7,94.5,.459,.298,.515,56.0,54.9,9.5,8.0,.475,21.7,38.2,.306
227,Oklahoma State NCAA,33,24,9,.727,15.57,6.73,13,5,15,2,5,5,2371,2079,,67.3,91.9,.351,.343,.485,50.9,46.4,8.7,7.3,.445,18.6,33.2,.241
228,Oklahoma NCAA,32,20,12,.625,11.40,7.09,12,7,12,2,5,7,2260,2122,,66.8,98.5,.314,.343,.507,51.3,50.1,9.5,6.5,.474,16.8,34.5,.218
229,Old Dominion,30,5,25,.167,-7.59,-1.55,3,15,2,15,2,10,1947,2128,,65.9,107.2,.392,.353,.557,50.2,59.2,9.7,10.6,.523,17.5,36.5,.276
230,Oral Roberts,35,20,15,.571,-0.23,-3.00,13,5,10,4,9,8,2484,2341,,66.5,99.8,.274,.287,.513,49.4,54.0,10.4,8.9,.489,16.4,34.9,.182
231,Oregon State,32,14,18,.438,6.04,4.29,4,14,9,8,3,7,2304,2248,,68.6,102.0,.301,.314,.515,51.2,52.6,9.3,8.5,.485,15.1,35.6,.208
232,Oregon NCAA,37,28,9,.757,13.82,5.77,12,6,17,2,6,5,2650,2352,,68.8,90.8,.333,.298,.498,47.5,47.5,9.6,7.1,.464,19.4,29.6,.225
233,Pacific NCAA,35,22,13,.629,1.96,1.05,13,5,13,2,4,9,2344,2238,,63.3,100.6,.371,.385,.529,52.2,55.7,8.2,7.8,.490,17.5,32.4,.264
234,Penn State,31,10,21,.323,2.85,9.46,2,16,8,9,1,9,1910,2115,,64.4,105.0,.511,.383,.544,51.9,57.2,8.9,10.3,.494,15.4,30.7,.365
235,Pennsylvania,31,9,22,.290,-6.97,-1.48,6,8,5,7,4,12,1947,2117,,67.5,100.7,.450,.335,.531,55.7,54.6,11.2,11.4,.478,18.4,36.7,.334
236,Pepperdine,30,12,18,.400,-3.73,1.06,4,12,6,7,5,10,1883,2021,,63.8,104.0,.342,.344,.516,51.9,56.8,11.0,7.6,.477,15.0,36.1,.245
237,Pittsburgh NCAA,33,24,9,.727,18.82,5.63,12,6,16,3,6,3,2282,1847,,60.4,91.6,.364,.354,.493,46.9,53.4,9.0,9.4,.446,19.2,33.0,.263
238,Portland State,28,8,20,.286,-10.84,-5.54,5,15,8,6,0,14,1929,2037,,65.3,111.0,.328,.300,.568,53.9,56.5,10.0,7.7,.540,15.5,36.5,.233
239,Portland,32,11,21,.344,-5.79,3.28,4,12,8,8,2,11,1951,2189,,65.5,103.9,.351,.340,.534,50.4,55.1,12.9,7.7,.499,15.5,33.0,.246
240,Prairie View,34,15,19,.441,-15.61,-10.10,8,10,9,4,3,13,2182,2223,,69.3,94.0,.426,.361,.493,50.3,53.2,10.8,6.7,.454,18.7,36.7,.277
241,Presbyterian,32,8,24,.250,-17.47,-4.71,4,12,7,6,1,15,1987,2248,,63.1,110.5,.333,.343,.553,56.1,49.9,10.6,8.7,.520,14.3,35.8,.240
242,Princeton,28,17,11,.607,3.16,-1.65,10,4,9,4,8,6,1803,1635,,60.4,96.2,.364,.269,.511,50.2,45.7,10.7,9.1,.468,17.9,30.5,.264
243,Providence,34,19,15,.559,9.28,6.55,9,9,14,4,4,8,2299,2206,,65.8,97.6,.330,.297,.499,50.3,54.8,9.6,9.8,.462,16.8,36.1,.231
244,Purdue,34,16,18,.471,9.04,7.87,8,10,12,7,4,7,2252,2212,,65.7,98.4,.333,.302,.495,49.3,55.2,10.7,9.9,.455,14.7,33.9,.237
245,Quinnipiac,31,15,16,.484,-4.75,-4.91,11,7,8,6,6,8,2225,2220,,67.6,103.9,.422,.316,.534,45.1,51.8,9.2,5.7,.493,13.9,28.6,.295
246,Radford,32,13,19,.406,-10.87,-7.32,7,9,8,5,4,12,2136,2179,,68.4,98.0,.393,.273,.525,52.9,50.8,10.2,9.8,.488,19.3,35.2,.270
247,Rhode Island,29,8,21,.276,-0.60,4.95,3,13,5,10,3,9,1786,1947,,63.2,104.4,.400,.330,.525,56.9,51.8,9.2,11.3,.487,16.5,39.6,.274
248,Rice,31,5,26,.161,-11.12,0.01,1,15,5,11,0,11,1875,2199,,63.8,110.8,.453,.331,.581,62.3,55.6,9.5,11.9,.551,17.9,39.8,.309
249,Richmond,34,19,15,.559,6.90,3.43,8,8,15,2,4,11,2380,2262,,64.3,101.6,.430,.269,.538,56.2,50.7,9.0,9.7,.491,19.4,38.2,.315
250,Rider,34,19,15,.559,-1.22,-1.66,12,6,9,5,8,9,2166,2151,,65.9,95.9,.383,.336,.500,52.2,52.3,10.8,8.4,.455,17.9,35.1,.271
251,Robert Morris,35,24,11,.686,0.24,-4.90,14,4,13,3,10,7,2480,2300,,66.3,98.8,.460,.344,.545,54.8,53.5,8.9,7.7,.506,21.3,37.2,.315
252,Rutgers,31,15,16,.484,5.97,6.77,5,13,9,7,4,8,2027,2052,,64.7,102.3,.398,.358,.520,51.9,59.4,9.9,7.6,.479,16.6,38.5,.279
253,Sacramento State,29,14,15,.483,-9.40,-6.77,8,12,10,4,4,11,1876,1904,,63.7,103.0,.279,.375,.526,53.4,61.6,8.5,10.4,.497,16.2,35.3,.196
254,Sacred Heart,29,9,20,.310,-9.76,-3.69,7,11,5,7,3,13,2036,2212,,68.9,109.8,.382,.322,.548,53.5,55.8,11.5,9.3,.512,15.3,39.3,.272
255,Saint Francis (PA),29,5,24,.172,-15.16,-4.37,5,13,3,10,2,14,1804,2117,,64.4,111.4,.399,.333,.573,57.0,55.4,10.7,10.1,.530,16.5,38.8,.303
256,Saint Joseph's,32,18,14,.563,7.31,4.03,8,8,11,4,5,8,2150,2045,,63.2,100.3,.239,.327,.488,52.3,56.0,9.5,8.3,.461,13.6,36.6,.166
257,Saint Louis NCAA,35,28,7,.800,14.33,4.28,13,3,17,2,6,3,2388,2036,,64.5,89.5,.350,.266,.489,52.7,54.0,9.0,10.4,.455,20.5,31.9,.229
258,Saint Mary's (CA) NCAA,35,28,7,.800,14.51,3.31,14,2,16,1,9,2,2610,2203,,64.5,97.2,.368,.287,.515,45.5,49.0,9.7,7.9,.473,16.1,26.9,.265
259,Saint Peter's,30,9,21,.300,-9.05,-2.92,3,15,5,8,4,11,1788,1972,,64.1,101.6,.416,.339,.542,55.3,53.1,9.5,10.2,.501,19.0,36.5,.296
260,Sam Houston State,34,17,17,.500,-6.45,-5.16,8,10,9,6,6,10,2168,2080,,65.3,92.4,.470,.310,.508,49.6,64.3,8.6,11.3,.458,20.0,29.4,.328
261,Samford,32,11,21,.344,-10.05,-4.38,9,9,7,6,4,12,1957,2114,,61.2,105.9,.360,.341,.545,56.4,55.0,11.0,10.7,.510,17.2,37.8,.257
262,San Diego State NCAA,34,23,11,.676,13.01,6.19,9,7,14,1,4,6,2356,2077,,66.6,91.5,.282,.328,.478,49.6,56.4,7.9,7.9,.446,16.5,30.7,.191
263,San Diego,34,16,18,.471,-0.55,2.60,7,9,10,5,4,9,2215,2260,,64.6,102.1,.362,.297,.529,53.4,49.5,10.8,10.9,.492,17.5,36.5,.256
264,San Francisco,31,15,16,.484,2.42,2.83,7,9,8,7,6,5,2161,2141,,66.7,103.1,.321,.339,.528,54.2,45.0,8.1,7.2,.495,15.2,32.0,.227
265,San Jose State,29,9,20,.310,-9.39,-0.92,3,14,5,9,4,9,1802,1999,,68.0,101.0,.339,.318,.519,52.6,56.4,9.0,12.6,.481,16.3,35.5,.243
266,Santa Clara,38,26,12,.684,6.58,1.72,9,7,15,5,10,6,2827,2577,,68.1,99.0,.413,.300,.520,51.4,54.3,8.6,7.5,.474,18.7,35.2,.297
267,Savannah State,34,19,15,.559,-5.41,-4.73,11,5,11,3,7,11,1931,1887,,63.2,86.5,.446,.276,.476,51.4,55.2,13.1,12.3,.430,22.2,36.5,.294
268,Seattle,30,8,22,.267,-4.53,-1.05,3,15,5,11,3,9,1966,2058,,70.1,96.7,.417,.359,.506,48.5,51.7,13.5,8.0,.466,17.5,32.4,.282
269,Seton Hall,33,15,18,.455,5.54,5.96,3,15,10,7,2,9,2136,2150,,65.0,99.5,.391,.317,.509,52.3,56.9,13.7,11.5,.467,16.6,35.5,.274
270,Siena,32,8,24,.250,-10.25,-1.87,4,14,4,10,2,12,1921,2189,,64.2,105.8,.277,.355,.520,53.5,57.0,12.4,13.3,.487,14.3,39.1,.201
271,South Alabama,30,17,13,.567,-2.89,-2.96,14,6,10,3,7,7,2060,2040,,69.0,97.7,.371,.283,.508,50.7,44.3,10.8,9.4,.469,18.1,36.4,.258
272,South Carolina State,30,6,24,.200,-18.17,-5.10,2,14,5,8,1,15,1808,2135,,65.9,106.7,.352,.334,.526,53.4,57.3,10.8,9.4,.495,15.5,41.2,.239
273,South Carolina Upstate,33,16,17,.485,-3.59,-4.79,9,9,9,4,5,11,2315,2194,,66.9,99.1,.344,.362,.527,49.0,59.2,10.1,5.5,.491,18.2,32.5,.244
274,South Carolina,32,14,18,.438,-0.71,2.11,4,14,10,8,1,9,2115,2205,,66.4,102.2,.458,.315,.539,50.7,55.1,12.2,13.1,.505,18.1,37.1,.302
275,South Dakota State NCAA,35,25,10,.714,2.36,-3.27,13,3,13,0,7,9,2568,2300,,64.0,101.3,.238,.346,.529,48.7,51.0,9.6,7.2,.506,15.2,26.8,.165
276,South Dakota,30,10,20,.333,-7.50,-2.92,5,11,5,7,4,11,2113,2208,,67.2,109.6,.258,.344,.545,55.8,54.1,8.5,8.0,.524,13.5,35.9,.176
277,South Florida,31,12,19,.387,4.28,7.70,3,15,10,8,2,10,1822,1928,,60.1,101.0,.305,.337,.508,55.1,56.4,8.2,12.9,.473,16.4,38.2,.218
278,Southeast Missouri State,33,17,16,.515,-5.51,-6.06,8,8,9,5,7,8,2446,2360,,69.2,102.9,.343,.324,.495,52.2,49.6,9.4,9.2,.454,12.7,34.7,.243
279,Southeastern Louisiana,31,13,18,.419,-10.65,-3.76,10,8,9,3,3,14,1965,2113,,66.4,102.2,.412,.274,.526,54.9,51.3,8.0,10.8,.490,16.0,34.4,.276
280,Southern California,32,14,18,.438,6.31,8.25,9,9,10,6,3,9,2101,2163,,67.1,99.3,.376,.315,.508,52.5,53.3,10.5,7.4,.469,15.3,32.5,.260
281,SIU Edwardsville,27,9,18,.333,-11.19,-4.67,5,11,8,5,1,13,1699,1827,,66.3,102.1,.356,.318,.543,54.3,56.4,10.1,9.0,.514,18.6,34.5,.242
282,Southern Illinois,31,14,17,.452,-0.82,2.28,6,12,9,4,4,11,1964,2019,,63.2,102.6,.415,.352,.568,53.7,58.3,9.3,6.5,.530,21.2,35.2,.301
283,Southern Methodist,32,15,17,.469,-0.59,-1.33,5,11,7,7,6,7,2064,2007,,63.8,97.9,.390,.428,.511,50.3,61.5,11.7,9.2,.468,18.3,35.8,.275
284,Southern Mississippi,37,27,10,.730,8.95,1.49,12,4,14,2,9,6,2733,2348,,66.2,94.2,.399,.461,.521,48.2,69.9,10.3,9.8,.485,22.0,35.0,.269
285,Southern Utah,31,11,20,.355,-12.04,-5.00,8,12,9,5,2,12,2066,2230,,69.2,103.1,.556,.275,.536,50.7,51.9,11.0,8.9,.482,15.1,30.7,.392
286,Southern NCAA,33,23,10,.697,-2.61,-10.31,15,3,12,0,8,8,2223,1890,,65.4,87.5,.342,.311,.453,53.1,41.9,7.7,8.2,.411,17.6,33.2,.230
287,St. Bonaventure,29,14,15,.483,3.44,2.71,7,9,8,6,5,9,2109,2088,,67.3,106.1,.413,.364,.557,53.9,58.1,9.2,9.7,.516,18.4,38.5,.299
288,St. Francis (NY),30,12,18,.400,-5.92,-4.75,8,10,6,6,6,10,2108,2143,,67.6,105.3,.378,.310,.544,53.4,54.5,9.0,8.4,.508,17.0,38.0,.266
289,St. John's (NY),33,17,16,.515,5.80,7.16,8,10,11,5,5,8,2138,2183,,67.4,97.1,.289,.332,.489,55.2,55.8,9.0,7.6,.456,16.9,39.0,.200
290,Stanford,34,19,15,.559,11.40,7.37,9,9,12,5,5,7,2397,2260,,68.3,97.0,.337,.255,.509,51.1,45.7,8.1,8.3,.468,16.8,31.5,.245
291,Stephen F. Austin,32,27,5,.844,4.25,-6.64,16,2,15,0,11,4,2075,1639,,62.7,81.6,.333,.276,.458,47.1,45.9,10.9,9.2,.421,21.4,28.1,.217
292,Stetson,31,15,16,.484,-6.45,-4.45,11,7,8,6,6,9,2180,2218,,68.9,103.8,.290,.344,.528,51.3,55.0,13.3,8.9,.505,15.2,34.0,.190
293,Stony Brook,33,25,8,.758,5.60,-4.12,14,2,11,1,13,6,2245,1898,,64.7,88.9,.259,.403,.469,48.8,54.5,9.5,7.7,.440,17.9,29.8,.173
294,Syracuse NCAA,40,30,10,.750,20.30,8.57,11,7,17,2,5,5,2816,2347,,65.2,89.4,.354,.403,.467,50.3,67.6,10.6,8.0,.426,19.7,38.4,.238
295,Temple NCAA,34,24,10,.706,9.52,5.20,11,5,14,3,8,4,2456,2309,,67.6,100.4,.341,.295,.528,53.5,51.6,7.4,8.0,.490,17.5,34.6,.247
296,Tennessee-Martin,30,9,21,.300,-16.58,-4.19,5,11,7,7,2,13,2008,2295,,69.5,108.2,.448,.354,.563,53.2,61.9,10.2,11.3,.523,17.3,36.2,.321
297,Tennessee State,33,18,15,.545,-2.17,-1.30,11,5,11,2,5,11,2360,2308,,68.8,101.0,.387,.341,.522,50.2,55.4,10.4,8.3,.485,17.4,35.6,.266
298,Tennessee Tech,29,12,17,.414,-9.68,-3.31,5,11,9,5,3,12,1878,1951,,66.2,101.6,.447,.354,.539,51.2,53.8,11.3,8.8,.496,19.3,36.6,.315
299,Tennessee,33,20,13,.606,9.00,6.03,11,7,13,4,4,7,2189,2091,,63.1,98.9,.344,.278,.505,48.1,49.3,9.9,11.0,.462,15.1,31.5,.250
300,Texas A&M-Corpus Christi,29,6,23,.207,-11.76,-3.65,5,13,4,9,2,14,1746,1962,,63.3,106.8,.471,.345,.547,55.5,58.7,7.5,8.0,.505,16.6,38.1,.327
301,Texas A&M,33,18,15,.545,6.50,4.86,7,11,12,6,4,6,2103,2049,,61.7,98.5,.357,.361,.514,51.8,57.7,9.7,10.6,.475,18.6,37.3,.252
302,Texas-Arlington,33,19,14,.576,0.58,-0.90,11,7,7,8,10,5,2121,2072,,66.6,94.3,.439,.422,.499,50.1,56.6,11.3,11.4,.458,19.5,34.9,.290
303,Texas Christian,32,11,21,.344,-4.27,4.41,2,16,9,9,1,10,1761,2002,,61.7,101.4,.336,.285,.523,53.1,55.1,9.1,9.0,.492,17.3,35.8,.230
304,Texas-El Paso,32,18,14,.563,4.63,2.38,10,6,12,3,4,7,2042,1970,,61.8,98.1,.348,.288,.501,54.2,53.2,10.5,8.2,.466,16.8,36.5,.234
305,Texas-Rio Grande Valley,32,16,16,.500,-13.35,-8.18,5,3,11,2,3,11,2101,2155,,66.0,99.7,.342,.280,.522,55.6,51.8,10.8,7.4,.492,19.2,38.7,.229
306,Texas-San Antonio,32,10,22,.313,-6.47,-1.00,3,14,3,9,4,11,2048,2223,,65.2,106.2,.344,.362,.554,55.5,60.6,10.6,14.1,.526,17.5,38.5,.236
307,Texas Southern,31,17,14,.548,-2.09,-7.25,16,2,10,3,7,11,2179,2019,,65.2,98.3,.298,.277,.487,52.8,52.0,8.3,10.6,.453,14.8,36.3,.204
308,Texas State,34,12,22,.353,-6.36,-0.90,5,13,4,11,5,8,2398,2558,,71.6,104.7,.374,.320,.547,56.6,53.3,10.0,9.9,.510,17.8,37.4,.268
309,Texas Tech,31,11,20,.355,-3.11,4.31,3,15,9,11,1,8,2026,2256,,68.2,106.3,.411,.334,.563,54.2,53.1,11.2,9.5,.528,18.4,37.6,.290
310,Texas,34,16,18,.471,6.85,6.55,7,11,12,4,2,10,2229,2232,,66.7,96.0,.427,.319,.482,51.2,54.9,11.7,8.5,.430,16.1,36.5,.299
311,Toledo,28,15,13,.536,-2.43,-3.04,10,6,8,4,6,9,1928,1911,,66.5,101.6,.359,.381,.525,55.5,52.4,9.9,10.2,.486,18.0,38.7,.256
312,Towson,31,18,13,.581,-1.92,-2.59,13,5,6,5,9,8,2125,2066,,65.3,99.6,.373,.303,.491,47.7,54.7,11.2,10.2,.447,13.9,34.5,.262
313,Troy,33,12,21,.364,-8.77,-4.01,6,14,8,7,2,12,2046,2203,,61.9,105.1,.366,.352,.538,55.1,52.1,8.0,9.4,.510,16.4,36.8,.244
314,Tulane,35,20,15,.571,1.87,-1.80,6,10,15,4,3,10,2436,2299,,65.2,100.8,.330,.344,.547,49.3,63.3,9.0,10.9,.515,18.2,30.7,.237
315,Tulsa,33,17,16,.515,-1.06,0.95,8,8,9,5,5,8,2241,2249,,67.8,99.4,.408,.369,.512,51.9,60.3,11.0,10.0,.473,16.4,33.3,.277
316,UCLA NCAA,35,25,10,.714,12.88,7.82,13,5,15,3,6,3,2604,2427,,69.6,98.3,.246,.308,.498,53.4,52.2,8.9,7.3,.475,16.8,37.1,.164
317,Utah State,31,21,10,.677,3.79,-0.68,11,7,14,4,7,5,2134,1971,,62.2,101.0,.301,.381,.504,44.4,61.0,10.9,7.9,.476,13.1,28.4,.199
318,Utah Valley,32,14,18,.438,-11.38,-7.02,3,5,9,4,3,11,2157,2165,,65.2,101.4,.275,.335,.522,52.9,47.9,9.6,7.5,.492,15.8,31.6,.194
319,Utah,33,15,18,.455,4.74,6.68,5,13,11,7,2,10,2117,2086,,63.3,99.1,.297,.343,.489,52.6,51.8,11.6,10.8,.455,14.4,34.9,.207
320,Valparaiso NCAA,34,26,8,.765,7.15,-1.13,13,3,15,2,10,5,2420,2119,,65.1,95.4,.363,.262,.503,49.5,49.9,10.7,8.3,.459,17.3,31.4,.262
321,Vanderbilt,33,16,17,.485,6.24,6.03,8,10,9,6,4,7,1991,1984,,61.4,97.1,.335,.342,.497,52.7,49.4,9.0,11.8,.460,15.9,31.9,.232
322,Vermont,33,21,12,.636,-0.13,-4.46,11,5,10,5,9,7,2097,1954,,62.0,95.6,.338,.361,.503,48.5,52.1,10.0,10.7,.467,17.8,31.1,.234
323,Villanova NCAA,34,20,14,.588,10.74,8.53,10,8,12,4,6,7,2307,2214,,67.4,94.9,.408,.365,.512,50.2,63.3,11.4,9.7,.472,19.3,32.1,.278
324,Virginia Commonwealth NCAA,36,27,9,.750,16.89,4.47,12,4,15,2,8,3,2770,2323,,68.6,93.4,.403,.329,.534,52.0,51.0,8.6,8.7,.499,24.6,37.2,.276
325,VMI,31,14,17,.452,-11.40,-7.11,8,8,8,5,5,10,2423,2411,,73.7,105.1,.301,.297,.531,53.9,51.4,9.2,6.7,.500,16.6,39.1,.213
326,Virginia Tech,32,13,19,.406,1.74,6.27,4,14,10,7,2,9,2248,2393,,67.8,108.5,.381,.370,.532,53.5,54.2,7.6,8.6,.501,13.2,36.5,.255
327,Virginia,35,23,12,.657,12.89,4.23,11,7,20,2,3,8,2248,1945,,61.3,90.3,.318,.341,.480,51.2,47.0,8.6,8.9,.441,18.2,30.7,.223
328,Wagner,31,19,12,.613,-3.23,-5.07,12,6,11,3,7,8,2136,2079,,68.0,96.3,.418,.338,.513,49.9,52.3,10.3,8.5,.469,19.0,33.7,.293
329,Wake Forest,31,13,18,.419,3.41,6.15,6,12,11,5,1,10,2093,2178,,69.2,101.5,.355,.296,.538,53.5,51.3,9.7,11.5,.508,17.9,32.9,.243
330,Washington State,32,13,19,.406,6.70,5.26,4,14,10,7,1,9,2061,2015,,62.4,100.1,.317,.385,.526,51.4,56.4,10.0,14.4,.496,16.9,31.9,.220
331,Washington,34,18,16,.529,7.93,7.22,9,9,11,7,5,7,2309,2285,,66.1,100.9,.323,.289,.514,49.6,50.8,9.3,7.2,.482,15.8,34.8,.222
332,Weber State,37,30,7,.811,5.87,-5.61,18,2,17,2,11,5,2800,2275,,65.4,93.0,.324,.244,.480,46.5,41.9,8.7,6.5,.436,15.0,27.0,.236
333,West Virginia,32,13,19,.406,4.60,6.54,6,13,8,6,3,9,2116,2178,,65.5,103.5,.400,.332,.543,51.5,59.1,9.1,9.7,.511,18.6,37.6,.270
334,Western Carolina,33,14,19,.424,-6.45,-4.42,9,9,7,6,5,11,2288,2299,,66.7,103.6,.461,.325,.539,53.0,49.4,11.3,8.6,.493,17.9,38.5,.328
335,Western Illinois,31,22,9,.710,-1.87,-5.42,13,3,12,2,7,5,1845,1663,,58.5,91.4,.282,.320,.485,50.8,51.5,10.5,7.3,.454,17.8,28.5,.193
336,Western Kentucky NCAA,36,20,16,.556,-0.65,-1.14,10,10,11,4,4,9,2409,2364,,67.0,97.6,.381,.318,.514,49.7,44.7,9.0,10.8,.475,18.0,32.9,.265
337,Western Michigan,35,22,13,.629,0.42,-1.43,10,6,12,2,7,10,2345,2237,,65.2,97.0,.350,.354,.506,48.3,56.0,11.3,10.0,.467,16.9,31.9,.245
338,Wichita State NCAA,39,30,9,.769,14.68,6.09,12,6,14,2,7,5,2720,2385,,64.9,94.3,.383,.366,.499,46.8,51.4,8.7,8.3,.453,17.5,29.6,.274
339,William & Mary,30,13,17,.433,-4.03,-3.45,7,11,8,5,5,11,2064,2048,,63.4,105.0,.297,.332,.515,52.2,49.9,10.3,12.2,.485,13.8,34.6,.205
340,Winthrop,31,14,17,.452,-8.61,-4.43,6,10,11,4,2,12,1859,1897,,62.0,98.3,.369,.360,.507,53.2,55.5,10.4,9.7,.459,16.1,33.7,.273
341,Wisconsin NCAA,35,23,12,.657,18.76,9.73,12,6,15,3,5,6,2274,1958,,61.4,89.9,.257,.249,.462,49.2,40.3,9.1,7.3,.430,15.6,28.9,.177
342,Wofford,32,13,19,.406,-6.74,-4.65,7,11,9,3,3,15,1858,1890,,63.6,92.8,.378,.323,.515,53.8,48.6,9.8,9.1,.475,19.9,29.6,.266
343,Wright State,36,23,13,.639,2.25,-1.15,10,6,12,5,8,7,2233,2105,,63.0,92.1,.430,.359,.515,53.5,50.1,8.2,10.2,.471,21.8,31.9,.297
344,Wyoming,34,20,14,.588,5.39,4.61,4,12,13,6,6,7,2074,2010,,60.8,96.4,.328,.306,.515,56.0,47.2,9.1,8.0,.478,18.8,34.2,.235
345,Xavier,31,17,14,.548,7.70,4.96,9,7,11,4,4,7,2021,1936,,63.2,98.0,.333,.385,.502,48.8,53.0,8.7,9.4,.467,15.9,32.1,.228
346,Yale,31,14,17,.452,-3.95,-0.81,8,6,8,4,5,11,2079,2056,,64.1,101.8,.398,.336,.545,49.3,55.2,10.2,11.3,.509,18.0,31.7,.278
347,Youngstown State,34,18,16,.529,-2.14,-0.81,7,9,12,5,6,8,2426,2356,,67.9,99.9,.332,.303,.514,53.7,50.6,8.6,8.0,.477,16.5,34.3,.236