,School,Overall G,Overall W,Overall L,Overall W-L%,Overall SRS,Overall SOS,Conf. W,Conf. L,Home W,Home L,Away W,Away L,Points Tm.,Points Opp.,Opponent Advanced Pace,Opponent Advanced ORtg,Opponent Advanced FTr,Opponent Advanced 3PAr,Opponent Advanced TS%,Opponent Advanced TRB%,Opponent Advanced AST%,Opponent Advanced STL%,Opponent Advanced BLK%,Opponent Advanced eFG%,Opponent Advanced TOV%,Opponent Advanced ORB%,Opponent Advanced FT/FGA
1,Abilene Christian,20,11,9,.550,-3.43,-3.18,6,3,8,2,3,7,1508,1292,71.4,88.7,.446,.342,.537,49.7,47.0,10.0,10.3,.482,25.8,27.5,.337
2,Air Force,22,9,13,.409,0.68,1.44,3,7,6,5,3,5,1653,1612,69.0,106.3,.292,.477,.570,49.5,55.1,9.1,8.5,.549,15.1,22.3,.200
3,Akron,21,16,5,.762,8.36,-0.70,6,2,10,2,5,2,1623,1384,71.1,92.6,.277,.321,.480,49.2,40.6,9.0,8.4,.447,16.9,29.1,.192
4,Alabama A&M,18,5,13,.278,-17.15,-6.43,2,5,4,1,1,11,1144,1337,70.2,105.1,.321,.370,.550,53.6,55.6,8.5,12.4,.533,16.1,28.2,.202
5,Alabama-Birmingham,22,13,9,.591,-1.45,-1.25,4,5,8,4,3,5,1436,1395,66.3,95.6,.255,.399,.500,44.7,45.4,10.6,9.0,.467,15.8,24.9,.186
6,Alabama State,20,3,17,.150,-17.31,-2.61,2,5,1,1,0,13,1207,1501,69.4,108.1,.366,.361,.576,54.9,54.9,9.9,11.4,.552,17.2,30.1,.250
7,Alabama,20,12,8,.600,12.48,7.28,4,3,8,1,2,5,1649,1545,77.7,98.2,.330,.345,.501,49.2,43.0,10.6,12.3,.457,15.5,29.1,.245
8,Albany (NY),22,12,10,.545,-6.98,-6.41,5,2,6,3,4,7,1505,1491,70.6,95.5,.281,.396,.505,49.2,52.0,11.1,10.6,.476,16.6,25.3,.194
9,Alcorn State,19,10,9,.526,-11.34,-6.07,6,2,7,1,3,8,1469,1363,72.9,97.8,.329,.372,.530,47.0,54.9,9.8,8.1,.504,17.9,26.0,.218
10,American,20,10,10,.500,-6.01,-5.71,6,3,6,3,4,7,1437,1443,69.5,103.2,.374,.299,.544,51.9,46.7,8.8,8.5,.508,16.7,29.4,.264
11,Appalachian State,22,12,10,.545,-0.54,-0.14,6,5,6,3,5,6,1512,1461,69.0,95.7,.270,.415,.510,49.7,55.6,9.2,7.4,.479,18.3,28.1,.193
12,Arizona State,20,12,8,.600,10.57,6.82,3,4,8,2,3,3,1447,1372,74.0,92.8,.338,.369,.510,51.4,51.0,8.3,9.0,.481,19.7,27.7,.222
13,Arizona,20,14,6,.700,21.86,7.46,4,3,10,1,1,4,1609,1321,71.5,91.9,.344,.384,.490,47.3,54.4,6.5,7.4,.447,17.8,26.8,.245
14,Little Rock,23,16,7,.696,2.67,-1.29,10,2,9,2,7,5,1635,1530,70.3,94.6,.329,.406,.508,46.8,48.7,10.1,9.0,.475,18.3,27.2,.224
15,Arkansas-Pine Bluff,19,3,16,.158,-20.83,-1.45,2,5,1,2,2,14,1011,1352,68.1,104.6,.443,.394,.549,53.0,60.2,14.2,6.6,.511,18.3,31.7,.306
16,Arkansas State,23,15,8,.652,-1.92,-1.16,7,5,10,4,5,4,1621,1610,67.6,102.4,.411,.350,.553,50.4,55.0,9.0,4.9,.515,18.4,28.1,.291
17,Arkansas,20,15,5,.750,15.58,5.28,3,4,11,2,3,3,1485,1279,71.8,88.0,.370,.315,.485,53.6,43.4,6.8,7.7,.444,20.6,29.0,.253
18,Army,20,10,10,.500,-9.52,-6.42,5,4,5,4,5,6,1413,1435,70.3,101.5,.252,.430,.532,51.1,52.9,9.8,9.5,.513,15.6,24.7,.165
19,Auburn,20,18,2,.900,15.33,4.63,5,2,11,0,3,2,1585,1371,71.5,94.2,.306,.337,.496,46.6,42.5,9.5,8.1,.462,17.1,28.0,.211
20,Austin Peay,22,15,7,.682,0.41,-3.79,9,0,10,0,4,6,1733,1587,70.3,102.6,.319,.347,.561,48.4,54.4,8.2,6.0,.533,19.7,29.4,.227
21,Ball State,20,11,9,.550,4.80,-1.62,4,3,6,3,3,4,1413,1247,69.9,89.2,.278,.328,.489,48.6,45.2,8.8,9.0,.458,18.7,24.3,.191
22,Baylor,19,18,1,.947,20.24,6.18,7,0,9,0,5,0,1375,1108,67.1,86.9,.277,.351,.468,45.6,53.0,8.5,13.2,.436,19.2,28.3,.186
23,Belmont,22,15,7,.682,4.01,-6.52,6,3,8,1,7,5,1796,1526,74.2,93.5,.260,.338,.489,48.2,46.0,8.6,9.1,.465,15.6,24.7,.170
24,Bethune-Cookman,21,10,11,.476,-10.07,-6.24,4,3,5,1,3,10,1591,1556,75.8,97.7,.400,.344,.521,49.7,50.5,8.8,7.4,.487,18.2,29.6,.267
25,Binghamton,21,8,13,.381,-15.46,-4.30,2,6,6,4,2,9,1466,1604,69.3,109.5,.264,.362,.535,51.8,49.4,9.6,8.8,.514,11.7,31.1,.176
26,Boise State,22,14,8,.636,8.39,3.10,6,4,10,1,2,6,1745,1557,70.9,97.1,.273,.356,.534,48.6,44.1,8.2,7.4,.504,17.4,22.0,.198
27,Boston College,21,10,11,.476,1.53,5.39,4,6,7,6,2,5,1354,1435,70.2,97.4,.290,.373,.527,54.0,53.9,9.5,8.9,.497,19.8,31.2,.204
28,Boston University,22,12,10,.545,-2.11,-4.40,6,3,7,2,5,6,1587,1511,67.9,99.9,.288,.365,.527,48.5,45.3,9.1,7.4,.501,15.4,24.8,.195
29,Bowling Green State,21,16,5,.762,1.35,-0.80,7,1,10,1,3,1,1581,1497,71.4,98.7,.350,.393,.509,48.3,45.3,7.3,7.0,.476,15.1,25.2,.235
30,Bradley,22,15,7,.682,6.87,0.10,6,3,12,1,2,5,1596,1421,68.2,94.7,.280,.447,.493,45.5,50.1,9.2,7.7,.452,16.1,25.7,.211
31,Brigham Young,23,16,7,.696,16.53,6.76,5,3,10,1,2,5,1836,1586,69.7,97.4,.274,.326,.517,50.5,44.8,8.8,6.9,.490,16.1,24.4,.188
32,Brown,15,7,8,.467,-4.04,0.67,0,2,6,2,1,6,1027,1067,71.8,99.2,.328,.356,.515,46.9,46.7,12.5,10.9,.476,16.5,28.2,.239
33,Bryant,21,10,11,.476,-4.18,-4.83,2,6,6,4,4,7,1503,1441,70.9,96.2,.328,.350,.492,50.3,51.7,8.7,8.8,.459,16.0,30.8,.219
34,Bucknell,22,9,13,.409,-7.37,-2.91,5,4,6,2,2,9,1523,1621,71.0,103.8,.398,.336,.560,51.7,48.9,9.6,8.7,.525,17.6,26.7,.283
35,Buffalo,21,14,7,.667,1.92,-0.03,5,3,7,4,4,2,1669,1593,75.5,100.4,.281,.323,.526,47.3,49.1,9.1,10.2,.496,17.4,29.2,.200
36,Butler,21,17,4,.810,16.45,6.74,5,3,10,1,4,3,1456,1252,65.2,90.9,.302,.396,.474,45.9,53.8,9.1,9.4,.436,16.1,23.9,.213
37,Cal Poly,20,5,15,.250,-10.53,1.69,2,4,5,3,0,10,1304,1477,69.4,105.7,.392,.375,.560,53.4,56.3,10.1,8.7,.525,16.8,29.0,.278
38,Cal State Bakersfield,22,10,12,.455,-4.85,-1.27,4,3,7,5,3,7,1566,1514,66.7,100.3,.489,.415,.554,43.8,53.3,7.2,6.7,.512,18.2,23.5,.342
39,Cal State Fullerton,22,8,14,.364,-6.69,-0.94,3,4,3,6,4,7,1474,1518,69.7,98.4,.330,.340,.520,52.2,46.0,9.1,7.7,.487,16.8,26.5,.230
40,Cal State Northridge,23,9,14,.391,-8.01,-0.67,4,3,6,3,3,10,1726,1811,71.9,109.5,.315,.419,.567,53.1,55.1,7.1,9.0,.540,16.3,31.5,.223
41,California Baptist,21,15,6,.714,-0.53,-6.70,5,2,11,4,4,2,1669,1451,71.7,95.8,.286,.309,.488,46.1,49.9,8.7,9.7,.460,14.1,25.9,.189
42,UC-Davis,22,8,14,.364,-5.95,-1.55,2,4,4,3,3,9,1575,1557,68.6,102.0,.340,.378,.553,52.2,58.1,8.8,8.0,.517,18.3,28.1,.250
43,UC-Irvine,22,13,9,.591,3.11,-0.64,5,1,7,1,4,7,1621,1443,70.4,93.1,.380,.371,.483,43.4,47.3,7.9,6.6,.438,15.1,24.5,.265
44,UC-Riverside,23,14,9,.609,-3.39,-4.39,4,3,10,2,4,7,1539,1415,65.8,93.5,.301,.333,.496,44.7,47.8,9.1,8.9,.468,14.9,20.0,.198
45,UC-Santa Barbara,21,13,8,.619,-2.06,-4.75,2,4,8,3,5,5,1501,1410,64.9,102.9,.293,.366,.549,45.4,48.6,7.0,6.7,.522,16.3,23.8,.206
46,University of California,20,9,11,.450,2.09,7.19,3,4,9,3,0,5,1262,1364,65.9,102.2,.360,.389,.532,50.5,51.5,7.0,9.0,.491,16.1,27.2,.264
47,Campbell,21,11,10,.524,-9.04,-7.83,2,7,5,4,5,5,1460,1406,68.2,97.6,.395,.350,.539,53.3,42.9,9.5,6.4,.501,20.6,30.1,.277
48,Canisius,20,8,12,.400,-5.43,-4.33,3,6,5,2,2,9,1394,1416,71.6,98.9,.380,.361,.534,51.9,48.0,10.7,7.9,.499,19.9,32.7,.263
49,Central Arkansas,21,6,15,.286,-11.34,0.36,5,5,6,3,0,11,1576,1790,76.6,108.0,.346,.380,.561,50.7,54.4,11.9,9.6,.531,15.6,29.2,.244
50,Central Connecticut State,23,2,21,.087,-22.85,-3.71,1,9,2,7,0,12,1424,1811,71.0,110.9,.325,.407,.568,56.4,56.5,10.7,10.9,.546,16.3,34.4,.221
51,Central Florida,20,11,9,.550,5.19,3.09,2,6,7,4,2,4,1373,1331,69.4,95.8,.273,.365,.504,50.1,60.4,8.9,7.7,.471,17.8,29.8,.197
52,Central Michigan,19,11,8,.579,-1.31,0.13,4,2,10,1,1,7,1563,1443,76.9,98.8,.234,.409,.552,49.7,51.3,8.2,9.1,.531,20.0,26.4,.164
53,Charleston Southern,21,11,10,.524,-12.51,-5.14,5,4,6,4,5,5,1469,1525,70.1,102.3,.289,.372,.542,53.4,53.5,10.1,8.7,.516,17.7,30.7,.200
54,Charlotte,20,12,8,.600,2.00,-2.40,6,3,10,1,2,7,1346,1258,67.2,92.4,.281,.399,.514,49.2,49.8,10.8,10.9,.494,18.9,22.7,.177
55,Chattanooga,22,14,8,.636,-0.72,-2.42,5,4,8,1,4,7,1598,1486,68.6,98.0,.276,.342,.521,48.2,43.1,8.5,10.0,.493,16.0,23.7,.193
56,Chicago State,22,4,18,.182,-29.33,-2.48,0,7,3,7,1,9,1405,1847,72.4,115.9,.392,.400,.591,53.9,61.7,11.7,6.8,.555,14.6,31.7,.291
57,Cincinnati,20,13,7,.650,12.97,5.17,6,2,9,1,2,4,1453,1297,69.8,91.2,.294,.360,.491,46.2,50.8,9.2,10.1,.452,18.1,26.1,.216
58,Citadel,20,6,14,.300,-12.06,-1.35,0,9,3,7,3,7,1569,1594,77.4,101.1,.288,.425,.533,51.0,49.3,10.1,7.5,.508,16.7,28.1,.198
59,Clemson,20,11,9,.550,10.05,6.95,5,5,9,4,1,4,1368,1306,67.4,95.1,.281,.446,.519,50.5,49.8,9.8,8.2,.486,18.3,24.5,.205
60,Cleveland State,23,9,14,.391,-11.22,-1.91,5,5,6,5,1,9,1466,1646,69.8,102.5,.412,.385,.532,50.4,57.6,10.8,11.7,.487,17.8,33.1,.298
61,Coastal Carolina,22,11,11,.500,-0.33,-0.33,4,7,7,7,4,3,1715,1644,74.3,100.5,.403,.455,.535,46.3,57.5,10.0,7.8,.494,17.7,28.7,.288
62,Colgate,22,16,6,.727,0.32,-3.63,7,2,9,1,6,5,1654,1532,68.9,100.5,.241,.401,.522,49.9,49.8,8.7,9.0,.501,15.0,25.9,.160
63,College of Charleston,22,13,9,.591,2.42,-0.20,7,3,7,4,5,3,1573,1492,67.8,100.1,.319,.377,.515,51.0,52.0,7.6,10.8,.479,15.5,28.3,.228
64,Colorado State,23,15,8,.652,7.45,4.32,6,4,9,3,3,4,1738,1644,69.8,100.2,.226,.406,.540,48.7,50.9,8.2,7.6,.516,16.8,23.5,.164
65,Colorado,21,16,5,.762,17.12,7.41,5,3,10,2,2,3,1510,1306,69.1,89.5,.251,.322,.485,45.6,47.7,11.2,10.5,.453,18.6,24.5,.181
66,Columbia,18,6,12,.333,-9.09,-4.97,1,1,5,1,0,10,1203,1243,70.0,98.0,.228,.359,.512,50.9,45.4,8.4,11.9,.493,14.9,24.0,.149
67,Connecticut,20,11,9,.550,9.50,3.45,2,5,9,3,0,4,1423,1302,68.9,91.6,.343,.298,.493,48.7,50.8,10.0,9.5,.448,19.2,29.2,.250
68,Coppin State,22,6,16,.273,-13.03,-4.76,2,5,3,4,3,12,1487,1669,75.0,100.6,.335,.421,.523,52.7,59.3,9.2,8.7,.492,17.2,28.9,.230
69,Cornell,15,4,11,.267,-9.33,-2.94,1,1,4,2,0,9,1002,1016,66.7,100.7,.270,.368,.518,50.3,52.7,8.8,12.2,.493,15.9,28.3,.184
70,Creighton,21,16,5,.762,14.48,7.33,5,3,12,1,3,3,1629,1449,70.3,97.6,.229,.376,.499,51.0,47.7,6.7,9.3,.471,15.2,28.8,.165
71,Dartmouth,17,7,10,.412,-4.47,-3.66,0,2,3,3,3,6,1137,1101,67.8,94.2,.295,.442,.507,48.7,53.1,8.6,8.1,.492,16.5,21.1,.171
72,Davidson,20,10,10,.500,6.45,2.95,4,4,6,1,3,5,1435,1365,65.5,101.0,.344,.387,.533,51.0,51.4,7.8,9.8,.499,15.9,26.0,.243
73,Dayton,21,19,2,.905,20.11,3.49,8,0,11,0,5,0,1737,1388,69.3,93.7,.311,.328,.502,47.7,47.1,8.0,8.3,.475,17.9,27.4,.202
74,Delaware State,19,2,17,.105,-22.76,-5.47,1,4,2,7,0,9,1333,1592,77.0,108.8,.429,.404,.585,53.9,59.3,11.3,7.9,.553,17.9,30.5,.302
75,Delaware,22,15,7,.682,-2.33,-4.42,5,4,6,2,5,4,1625,1535,69.0,100.5,.292,.392,.519,50.0,52.1,9.4,6.8,.482,14.7,26.5,.218
76,Denver,23,5,18,.217,-10.65,-1.93,1,8,4,7,0,10,1566,1741,71.4,105.4,.392,.439,.569,52.0,48.3,8.2,6.1,.526,16.3,22.9,.299
77,DePaul,21,13,8,.619,9.97,5.97,1,7,9,5,4,3,1546,1437,72.3,93.5,.362,.415,.505,48.7,56.3,10.5,8.8,.463,19.9,29.5,.258
78,Detroit Mercy,22,6,16,.273,-8.61,-0.79,4,5,4,4,1,11,1519,1691,70.9,108.4,.315,.406,.555,50.9,63.6,9.3,11.4,.523,15.3,29.9,.230
79,Drake,22,15,7,.682,1.25,-0.75,5,4,11,0,2,6,1543,1440,69.0,94.9,.288,.407,.516,48.2,50.5,9.7,8.4,.480,17.1,21.6,.214
80,Drexel,22,12,10,.545,-4.11,-1.97,5,4,9,2,1,8,1511,1523,68.8,100.0,.259,.311,.520,47.7,45.6,12.0,9.6,.488,15.5,27.3,.192
81,Duke,20,17,3,.850,25.80,7.15,7,2,10,2,4,1,1654,1281,72.5,87.7,.287,.270,.484,44.9,48.9,9.9,8.6,.456,19.9,26.8,.187
82,Duquesne,20,15,5,.750,7.31,-0.15,5,3,8,1,2,2,1413,1264,67.9,92.5,.274,.374,.491,48.6,49.0,9.1,9.1,.464,17.6,27.5,.180
83,East Carolina,21,9,12,.429,-3.20,-0.82,3,5,8,4,0,6,1446,1496,71.1,100.2,.384,.417,.527,49.0,53.8,9.5,8.6,.493,16.1,26.3,.262
84,East Tennessee State,22,18,4,.818,6.70,-1.04,7,2,12,1,6,3,1673,1372,68.8,90.7,.327,.365,.507,46.8,46.4,8.7,8.2,.471,21.1,26.7,.229
85,Eastern Illinois,21,11,10,.524,-4.48,-7.48,4,5,7,0,3,9,1585,1435,71.9,95.0,.341,.347,.512,48.6,49.0,8.0,7.5,.469,18.9,27.9,.252
86,Eastern Kentucky,22,10,12,.455,-11.82,-3.97,7,2,7,3,3,7,1662,1697,76.9,100.4,.361,.350,.560,54.9,56.4,8.8,8.1,.522,21.5,33.2,.268
87,Eastern Michigan,20,10,10,.500,-5.75,1.00,0,7,6,3,2,7,1301,1267,69.6,91.0,.287,.461,.514,50.7,62.6,10.6,8.2,.495,22.6,29.2,.179
88,Eastern Washington,19,13,6,.684,-0.03,-0.62,6,2,8,1,5,5,1585,1436,76.3,97.8,.329,.338,.518,49.8,54.8,9.1,8.9,.481,17.2,27.7,.237
89,Elon,23,6,17,.261,-10.64,-1.49,2,8,6,7,0,10,1568,1673,68.6,105.4,.389,.420,.560,51.3,53.3,8.9,10.6,.518,15.6,23.4,.291
90,Evansville,22,9,13,.409,-7.66,-0.76,0,9,5,5,3,6,1523,1650,69.0,105.8,.291,.311,.549,52.9,44.2,7.7,8.7,.518,14.8,26.4,.215
91,Fairfield,19,8,11,.421,-6.71,-4.40,4,4,3,4,4,5,1163,1207,64.3,96.9,.286,.389,.516,47.4,52.6,9.5,8.8,.489,16.6,25.2,.195
92,Fairleigh Dickinson,20,5,15,.250,-12.83,-4.20,3,6,3,3,2,12,1391,1506,68.6,108.5,.316,.407,.551,53.0,57.1,9.5,7.9,.525,15.9,33.8,.218
93,Florida A&M,19,6,13,.316,-12.03,-2.13,4,4,3,0,3,11,1224,1412,71.4,103.4,.406,.360,.553,52.9,50.7,10.3,8.3,.521,18.4,32.6,.275
94,Florida Atlantic,22,13,9,.591,-2.08,-2.19,5,4,11,2,2,7,1568,1501,69.9,96.6,.285,.375,.528,48.0,46.4,9.2,5.5,.501,18.6,24.0,.198
95,Florida Gulf Coast,23,7,16,.304,-11.23,-3.33,4,4,5,7,2,9,1423,1553,68.0,98.3,.314,.393,.516,51.0,52.1,11.3,9.7,.485,17.8,30.7,.214
96,Florida International,22,14,8,.636,-0.75,-2.80,5,4,9,1,4,6,1746,1626,75.8,97.0,.304,.358,.503,53.0,48.6,9.8,8.9,.466,18.4,34.5,.221
97,Florida State,20,17,3,.850,15.82,5.27,7,2,10,0,4,3,1500,1289,69.4,91.7,.369,.399,.515,50.1,44.3,7.5,7.4,.471,22.7,31.6,.268
98,Florida,20,12,8,.600,14.42,8.42,4,3,7,3,1,4,1464,1344,67.8,98.0,.355,.360,.509,47.6,50.5,8.2,7.3,.466,16.7,28.3,.258
99,Fordham,20,7,13,.350,-5.09,-2.74,1,7,6,7,0,4,1166,1213,64.5,92.3,.314,.439,.506,52.9,59.4,10.4,8.3,.473,20.2,28.1,.218
100,Fresno State,21,7,14,.333,1.77,3.47,3,7,4,5,3,8,1433,1422,64.9,101.9,.314,.391,.527,47.7,50.6,7.7,8.3,.488,14.7,25.9,.235
101,Furman,23,18,5,.783,7.09,-1.41,8,2,10,1,7,4,1788,1526,69.7,94.1,.237,.400,.525,51.3,54.6,9.2,8.8,.502,20.4,27.2,.165
102,Gardner-Webb,20,8,12,.400,-7.61,-3.05,4,4,3,4,3,8,1406,1450,67.8,103.1,.310,.447,.533,50.4,57.2,9.2,8.2,.501,15.6,28.8,.221
103,George Mason,21,13,8,.619,0.85,0.33,2,6,9,4,1,4,1433,1422,67.8,99.2,.282,.389,.513,48.6,50.9,8.5,10.3,.486,16.5,28.8,.191
104,George Washington,21,10,11,.476,-1.87,-2.10,4,4,7,5,1,5,1453,1448,66.7,100.9,.313,.291,.511,51.3,41.6,9.6,12.2,.481,14.1,28.0,.212
105,Georgetown,21,12,9,.571,11.97,7.73,2,6,9,4,2,4,1623,1534,72.8,100.3,.276,.421,.529,46.3,57.6,10.7,6.5,.499,17.0,27.0,.200
106,Georgia Southern,22,13,9,.591,0.93,-1.13,7,4,9,1,3,7,1683,1558,73.8,96.0,.301,.360,.522,52.0,52.1,7.7,7.4,.489,19.4,29.6,.215
107,Georgia State,22,15,7,.682,5.55,0.90,8,3,9,0,5,7,1739,1547,74.0,93.9,.442,.366,.497,50.3,53.5,8.5,9.9,.442,19.6,33.3,.319
108,Georgia Tech,21,10,11,.476,8.80,8.95,4,6,5,6,4,4,1423,1398,71.3,92.3,.319,.318,.487,49.4,53.3,11.0,9.4,.449,17.3,29.0,.224
109,Georgia,20,11,9,.550,8.14,6.56,1,6,9,2,2,5,1527,1494,72.6,101.7,.279,.348,.527,48.5,46.9,8.6,9.9,.508,16.5,30.6,.179
110,Gonzaga,23,22,1,.957,23.41,1.19,8,0,13,0,7,0,2044,1533,73.4,90.3,.212,.343,.489,43.3,45.6,8.0,7.3,.467,17.4,22.8,.143
111,Grambling,20,9,11,.450,-12.69,-4.75,3,4,6,2,3,8,1454,1416,73.3,96.5,.403,.398,.529,46.9,59.5,9.0,6.4,.491,18.3,24.4,.278
112,Grand Canyon,21,9,12,.429,-4.99,-2.84,4,3,5,6,3,3,1453,1505,68.4,104.2,.302,.405,.542,51.3,54.4,8.2,7.6,.512,15.1,26.6,.215
113,Green Bay,22,10,12,.455,-5.93,-1.58,5,4,6,4,4,8,1802,1776,75.6,106.2,.301,.402,.559,52.4,52.4,7.4,6.0,.529,17.2,30.8,.219
114,Hampton,20,9,11,.450,-13.36,-3.24,4,3,8,3,1,8,1564,1601,73.3,108.6,.389,.359,.543,51.1,53.4,8.1,5.9,.506,14.5,32.7,.275
115,Hartford,22,12,10,.545,-7.68,-5.73,5,2,7,5,5,5,1465,1482,70.3,95.8,.299,.381,.502,53.3,55.3,9.3,7.9,.469,17.3,29.7,.208
116,Harvard,17,13,4,.765,3.98,-1.03,2,0,6,0,6,1,1250,1113,69.8,93.1,.301,.342,.495,46.9,44.7,9.9,7.6,.464,17.5,26.8,.204
117,Hawaii,19,13,6,.684,1.78,-0.50,4,1,12,3,1,3,1346,1288,69.9,97.0,.322,.282,.514,48.4,38.8,9.9,8.7,.476,16.0,25.6,.234
118,High Point,22,6,16,.273,-17.57,-3.47,3,6,3,7,3,9,1425,1664,67.6,110.7,.355,.464,.584,47.8,61.3,10.8,10.7,.562,15.9,27.5,.242
119,Hofstra,23,16,7,.696,0.38,-4.39,7,3,6,3,8,4,1757,1610,70.5,99.3,.225,.362,.525,49.6,53.0,8.6,6.5,.501,17.3,28.9,.159
120,Holy Cross,22,3,19,.136,-16.79,-3.65,2,7,2,7,0,11,1492,1771,69.0,114.7,.333,.326,.585,51.8,47.6,10.5,9.2,.561,13.6,28.4,.232
121,Houston Baptist,18,1,17,.056,-18.92,-0.58,1,8,1,5,0,11,1475,1805,79.6,125.1,.418,.337,.637,51.6,57.6,10.9,10.4,.607,14.4,32.6,.311
122,Houston,21,17,4,.810,14.85,4.27,7,1,9,2,5,2,1556,1334,67.9,93.5,.374,.388,.483,43.2,56.2,7.2,4.6,.439,15.2,25.6,.259
123,Howard,22,2,20,.091,-21.27,-4.62,0,7,1,10,1,9,1533,1811,71.7,113.5,.337,.381,.578,55.0,63.1,7.8,8.0,.552,16.0,34.7,.236
124,Idaho State,19,6,13,.316,-8.45,-1.16,3,7,4,5,2,8,1297,1330,66.9,103.3,.289,.274,.538,48.0,42.1,9.5,9.0,.506,15.4,27.1,.212
125,Idaho,19,5,14,.263,-10.64,-2.23,1,7,4,6,0,7,1249,1336,69.8,100.1,.252,.406,.523,49.9,53.3,9.8,7.9,.499,15.1,24.7,.174
126,Illinois-Chicago,23,10,13,.435,-6.03,-2.53,5,5,6,5,3,8,1567,1641,70.0,101.4,.347,.374,.511,50.5,55.1,9.6,8.4,.477,14.6,30.1,.237
127,Illinois State,21,7,14,.333,-2.50,2.15,2,7,7,4,0,7,1388,1462,68.5,101.7,.312,.390,.543,51.2,51.5,9.2,7.5,.509,17.8,27.7,.229
128,Illinois,21,16,5,.762,16.24,7.54,8,2,12,1,4,3,1567,1341,68.6,92.5,.218,.329,.481,43.2,42.7,8.7,7.4,.456,15.4,25.0,.150
129,Incarnate Word,20,5,15,.250,-20.86,-6.03,2,7,4,6,1,9,1310,1476,70.1,104.7,.325,.367,.548,52.9,59.2,9.1,11.5,.509,17.8,33.4,.247
130,Indiana State,20,12,8,.600,3.74,2.01,5,4,9,0,1,6,1390,1350,66.9,100.2,.332,.384,.540,50.2,52.6,7.9,8.6,.513,17.4,24.8,.223
131,Indiana,21,15,6,.714,14.93,7.93,5,5,12,2,1,4,1543,1396,69.5,95.1,.320,.410,.509,44.1,52.2,9.3,8.0,.478,16.3,23.1,.217
132,Iona,15,5,10,.333,-9.40,-4.66,3,5,2,4,1,5,1040,1111,70.2,103.8,.378,.408,.554,51.7,63.3,10.5,8.8,.533,17.9,29.4,.241
133,Iowa State,20,9,11,.450,10.73,7.88,2,5,8,4,0,5,1501,1444,71.7,100.1,.255,.372,.531,50.9,48.9,9.9,7.6,.509,18.5,31.0,.171
134,Iowa,21,15,6,.714,17.06,8.30,6,4,10,1,3,3,1663,1479,71.2,98.9,.267,.392,.516,47.0,55.3,8.3,10.0,.483,15.6,27.0,.196
135,Purdue-Fort Wayne,23,10,13,.435,-8.24,-2.94,3,5,8,3,2,10,1606,1631,69.6,101.9,.266,.418,.551,47.9,56.8,8.7,8.6,.526,16.8,23.7,.188
136,IUPUI,23,6,17,.261,-14.22,-3.22,2,8,3,6,3,9,1590,1784,71.8,107.4,.272,.394,.547,51.3,57.7,10.2,11.9,.520,15.5,31.4,.195
137,Jackson State,20,6,14,.300,-13.49,-2.77,3,4,4,3,2,11,1313,1441,71.3,101.1,.466,.341,.573,53.9,53.5,8.2,7.9,.533,20.9,27.8,.335
138,Jacksonville State,22,9,13,.409,-7.52,-5.27,4,5,5,5,3,7,1597,1508,71.0,95.9,.290,.359,.520,47.8,49.6,8.9,9.0,.493,17.8,25.4,.199
139,Jacksonville,23,10,13,.435,-6.10,-5.14,3,5,4,5,5,6,1517,1505,67.7,95.1,.272,.386,.487,47.6,44.9,9.9,8.3,.454,13.6,24.6,.191
140,James Madison,21,8,13,.381,-8.86,-2.56,1,9,5,6,3,7,1546,1624,74.6,103.6,.280,.404,.533,49.8,51.7,7.7,9.0,.502,14.0,25.0,.204
141,Kansas State,20,9,11,.450,8.70,6.55,2,5,8,3,1,4,1311,1268,67.7,93.0,.359,.389,.511,50.9,49.7,10.9,12.0,.477,21.1,30.4,.244
142,Kansas,20,17,3,.850,25.90,11.12,6,1,8,1,6,1,1519,1208,68.6,87.5,.231,.431,.463,45.6,54.2,9.5,7.7,.437,17.5,26.5,.154
143,Kennesaw State,21,1,20,.048,-22.26,-2.02,0,8,1,6,0,12,1183,1608,69.4,110.3,.295,.383,.570,52.9,53.0,9.9,10.9,.552,15.9,30.7,.197
144,Kent State,21,15,6,.714,5.25,-1.44,5,3,9,1,5,3,1644,1448,70.8,96.3,.313,.355,.506,49.7,51.3,7.0,6.3,.468,17.7,30.2,.226
145,Kentucky,20,16,4,.800,15.45,5.00,6,1,12,1,3,1,1509,1300,69.9,91.8,.295,.380,.475,45.5,47.2,7.1,7.4,.444,15.6,26.4,.197
146,La Salle,20,10,10,.500,0.17,1.32,1,7,5,5,2,5,1378,1401,70.6,97.4,.394,.356,.518,50.1,52.6,12.3,12.0,.474,17.9,28.6,.282
147,Lafayette,20,13,7,.650,-3.77,-5.56,5,4,6,3,7,4,1461,1387,68.1,101.9,.206,.354,.508,49.4,42.8,8.9,6.1,.486,11.9,26.1,.144
148,Lamar,21,10,11,.476,-8.06,-5.11,4,6,6,4,4,7,1485,1430,71.7,93.8,.302,.389,.514,50.7,55.5,10.4,9.3,.483,21.5,33.4,.210
149,Lehigh,21,5,16,.238,-11.72,-2.35,2,7,4,4,1,12,1422,1544,70.1,104.3,.342,.433,.546,50.2,57.0,9.5,8.6,.510,15.6,26.7,.250
150,Liberty,23,20,3,.870,6.45,-6.17,6,2,10,0,4,3,1564,1194,61.4,84.6,.271,.389,.461,46.6,43.8,7.6,5.5,.426,18.0,21.5,.188
151,Lipscomb,21,8,13,.381,-8.74,-3.53,3,5,5,4,3,9,1499,1525,70.4,102.6,.269,.408,.539,51.4,48.9,8.6,11.0,.518,17.1,29.8,.180
152,Cal State Long Beach,22,7,15,.318,-8.63,3.12,2,4,5,4,1,9,1497,1685,73.3,104.4,.294,.415,.547,52.7,58.6,12.0,7.3,.520,18.0,32.5,.207
153,Long Island University,21,10,11,.476,-7.05,-5.10,5,3,5,3,4,7,1639,1637,75.0,102.2,.277,.349,.525,54.3,50.9,7.7,10.4,.494,16.0,31.2,.199
154,Longwood,22,7,15,.318,-13.58,-8.53,2,7,4,5,3,10,1485,1539,70.0,98.3,.357,.447,.535,51.1,57.1,9.1,12.2,.508,18.2,25.3,.235
155,Louisiana,22,9,13,.409,-5.50,-0.50,4,7,6,5,2,7,1550,1627,71.8,102.4,.310,.408,.541,50.0,52.7,9.8,7.9,.510,17.3,28.8,.223
156,Louisiana-Monroe,20,6,14,.300,-8.16,0.12,2,9,6,5,0,9,1251,1354,66.1,101.7,.340,.373,.518,51.7,51.4,8.9,7.8,.480,15.7,31.5,.244
157,Louisiana State,20,16,4,.800,15.52,5.37,7,0,11,1,4,1,1602,1399,71.0,98.0,.229,.415,.505,44.3,48.8,8.9,7.1,.479,15.8,28.3,.162
158,Louisiana Tech,21,16,5,.762,8.12,-2.98,7,2,10,1,6,4,1579,1282,69.0,88.5,.299,.389,.484,47.6,51.8,7.2,7.3,.449,20.1,27.1,.207
159,Louisville,21,18,3,.857,18.41,5.69,9,1,12,1,5,1,1582,1315,67.2,92.1,.269,.412,.469,45.5,47.2,8.9,8.3,.432,14.8,26.8,.194
160,Loyola (IL),22,14,8,.636,7.04,-0.24,6,3,9,2,3,4,1522,1338,66.5,91.0,.249,.441,.523,49.9,52.4,9.8,8.6,.504,21.7,23.2,.161
161,Loyola Marymount,22,8,14,.364,-1.77,2.80,2,6,7,5,0,7,1439,1492,65.3,103.8,.395,.460,.558,50.3,59.6,9.3,10.3,.517,17.9,28.9,.290
162,Loyola (MD),22,9,13,.409,-11.37,-6.61,1,8,5,3,3,10,1603,1676,71.1,105.9,.321,.385,.551,51.6,56.0,9.2,9.1,.520,16.2,29.1,.231
163,Maine,21,6,15,.286,-13.55,-2.90,2,5,4,4,1,11,1287,1460,65.9,104.4,.348,.420,.552,49.9,52.6,12.2,8.0,.515,16.3,27.2,.257
164,Manhattan,17,8,9,.471,-7.40,-6.34,4,4,4,3,4,6,1084,1102,67.9,94.2,.460,.357,.508,52.0,57.3,9.1,8.6,.464,19.5,29.0,.310
165,Marist,18,4,14,.222,-14.92,-7.09,3,6,2,6,2,8,1071,1212,66.4,99.3,.398,.452,.541,51.6,61.4,9.5,6.1,.500,18.4,26.4,.287
166,Marquette,21,15,6,.714,15.33,7.09,5,4,10,1,3,4,1647,1474,71.8,95.5,.344,.347,.485,47.2,49.5,8.8,10.3,.454,13.9,26.3,.221
167,Marshall,22,10,12,.455,1.98,0.64,4,5,6,6,3,6,1651,1587,74.9,96.4,.386,.338,.503,50.7,39.9,11.4,8.1,.462,18.3,33.1,.267
168,Maryland-Baltimore County,22,9,13,.409,-10.96,-4.18,2,5,7,4,2,7,1518,1486,69.0,97.4,.332,.443,.528,50.3,49.5,9.7,9.1,.488,18.2,26.4,.246
169,Maryland-Eastern Shore,21,2,19,.095,-22.62,-1.42,1,5,2,4,0,15,1142,1520,69.1,104.1,.380,.388,.557,55.0,57.4,11.0,10.3,.525,18.5,31.1,.265
170,Maryland,21,17,4,.810,18.82,8.77,7,3,12,0,2,4,1518,1307,68.4,91.0,.225,.383,.475,45.8,55.4,8.6,11.5,.448,16.3,26.1,.156
171,Massachusetts-Lowell,22,8,14,.364,-8.96,-5.01,2,5,5,7,3,7,1659,1699,72.0,105.4,.255,.362,.542,51.8,49.1,9.2,9.6,.520,16.4,31.4,.176
172,Massachusetts,21,9,12,.429,0.07,2.07,3,5,8,3,1,6,1482,1524,70.5,101.7,.331,.313,.534,53.2,54.4,10.3,6.7,.504,17.7,31.8,.229
173,McNeese State,21,12,9,.571,-6.22,-4.58,7,3,9,2,3,7,1707,1524,72.3,99.7,.252,.404,.526,47.2,54.2,10.8,7.8,.497,17.7,30.0,.185
174,Memphis,20,15,5,.750,13.05,2.95,4,3,10,2,4,2,1474,1272,74.0,85.9,.342,.367,.459,46.3,52.7,10.2,7.3,.418,18.9,28.1,.230
175,Mercer,22,11,11,.500,-4.72,-3.12,5,4,6,4,5,5,1597,1570,71.2,100.3,.327,.389,.526,47.1,51.0,10.1,6.8,.497,16.2,27.4,.221
176,Merrimack,22,14,8,.636,-7.53,-5.43,8,1,6,2,7,5,1387,1337,64.8,92.7,.346,.310,.517,55.8,60.8,7.8,10.2,.479,22.9,33.7,.243
177,Miami (FL),20,11,9,.550,5.66,8.41,3,7,6,3,3,4,1434,1489,69.3,106.1,.213,.344,.537,53.5,56.0,9.1,11.8,.517,15.0,32.2,.147
178,Miami (OH),20,9,11,.450,-4.47,-0.75,2,5,7,4,1,5,1492,1457,70.6,103.3,.336,.385,.534,50.7,44.1,8.1,9.4,.510,15.6,28.9,.218
179,Michigan State,21,16,5,.762,22.86,8.24,8,2,10,1,3,2,1621,1314,69.7,89.7,.282,.366,.456,43.6,57.1,8.3,9.4,.422,14.4,25.3,.191
180,Michigan,20,12,8,.600,16.21,9.06,3,6,8,3,1,5,1534,1391,70.1,97.3,.281,.267,.503,49.5,38.8,7.0,6.3,.476,14.7,25.7,.189
181,Middle Tennessee,22,5,17,.227,-9.62,2.01,1,8,4,6,1,8,1571,1672,72.3,104.5,.363,.343,.558,50.8,53.5,9.2,8.7,.527,17.3,27.0,.255
182,Milwaukee,21,10,11,.476,-6.73,-2.94,5,4,7,3,2,6,1520,1532,71.1,100.3,.432,.357,.548,50.4,53.2,7.6,9.1,.505,19.3,29.1,.310
183,Minnesota,21,11,10,.524,15.27,11.18,5,6,9,2,1,7,1474,1388,67.1,97.3,.277,.305,.494,48.0,52.4,8.4,9.7,.460,14.8,28.4,.198
184,Mississippi State,20,13,7,.650,13.75,5.90,4,3,9,2,2,3,1460,1303,66.7,97.7,.295,.377,.505,43.9,50.1,10.5,7.8,.473,16.1,29.1,.206
185,Mississippi Valley State,19,1,18,.053,-30.08,-3.87,1,6,0,3,1,15,1261,1759,79.4,116.6,.345,.376,.573,58.4,62.2,8.6,8.0,.550,14.2,36.1,.234
186,Mississippi,20,10,10,.500,5.53,4.53,1,6,7,4,1,5,1376,1356,68.8,97.3,.395,.358,.526,50.1,53.7,9.8,10.3,.479,18.0,26.5,.291
187,Missouri-Kansas City,22,11,11,.500,-5.67,-0.20,3,4,7,2,2,7,1569,1489,68.4,96.8,.424,.338,.532,51.7,49.8,8.8,12.5,.478,19.4,27.9,.323
188,Missouri State,22,10,12,.455,0.27,0.37,4,5,7,3,2,7,1477,1479,68.2,98.6,.292,.392,.518,46.6,46.0,9.3,8.3,.486,15.4,24.4,.208
189,Missouri,20,10,10,.500,8.51,4.56,2,5,8,3,1,5,1331,1252,66.8,93.1,.401,.391,.510,49.3,51.6,8.8,11.2,.457,19.9,28.0,.301
190,Monmouth,20,12,8,.600,-5.26,-4.61,6,3,7,0,4,7,1398,1411,71.8,98.3,.409,.385,.534,52.9,51.0,8.3,8.5,.493,19.1,28.8,.289
191,Montana State,20,11,9,.550,-3.94,-1.94,5,4,5,3,4,6,1351,1318,69.0,95.5,.292,.402,.494,49.0,49.4,9.3,9.3,.460,14.2,24.3,.206
192,Montana,21,11,10,.524,-1.18,0.08,7,3,8,1,3,9,1455,1467,70.6,97.8,.420,.311,.527,52.5,47.3,9.2,7.5,.481,17.7,26.3,.302
193,Morehead State,22,10,12,.455,-10.68,-6.58,4,5,9,2,1,10,1538,1516,69.2,98.5,.279,.396,.510,49.3,48.9,8.3,13.0,.480,16.2,28.2,.195
194,Morgan State,23,11,12,.478,-12.49,-6.84,5,3,6,3,5,6,1623,1649,71.6,98.5,.509,.382,.519,48.0,50.9,9.5,7.3,.467,17.6,30.1,.355
195,Mount St. Mary's,21,9,12,.429,-7.16,-5.76,5,3,7,3,2,9,1345,1356,64.8,97.8,.278,.372,.512,49.0,52.4,8.5,10.2,.479,16.2,26.4,.200
196,Murray State,21,16,5,.762,1.74,-6.79,9,0,11,0,4,3,1633,1370,69.4,92.9,.326,.374,.501,44.1,47.7,8.3,10.1,.468,16.6,22.8,.221
197,Navy,20,12,8,.600,-4.94,-5.94,6,3,8,3,4,5,1285,1235,62.0,97.7,.262,.420,.517,45.8,55.8,9.3,13.2,.492,16.6,25.0,.178
198,Omaha,22,12,10,.545,-4.14,-0.10,5,2,10,0,2,9,1610,1676,70.5,106.8,.282,.395,.544,50.1,54.1,8.1,8.2,.516,14.3,28.5,.203
199,Nebraska,21,7,14,.333,4.07,7.35,2,8,5,6,0,7,1514,1583,72.0,102.3,.205,.391,.515,56.4,49.0,7.2,14.1,.497,16.1,34.0,.135
200,Nevada-Las Vegas,22,11,11,.500,4.98,3.11,6,3,9,5,2,5,1576,1535,66.2,101.9,.378,.446,.537,43.9,59.6,9.8,10.7,.493,15.5,24.4,.281
201,Nevada,22,13,9,.591,8.83,4.69,6,4,9,2,1,6,1676,1585,71.6,100.6,.383,.413,.508,49.1,49.9,6.0,7.3,.463,13.1,25.7,.274
202,New Hampshire,20,10,10,.500,-8.80,-6.08,3,4,7,2,3,8,1384,1315,71.0,91.4,.345,.382,.493,45.0,44.2,9.3,7.3,.458,16.4,19.6,.231
203,New Mexico State,22,16,6,.727,2.95,-2.30,7,0,8,1,5,3,1558,1333,65.8,91.6,.309,.363,.521,44.6,47.6,10.0,7.2,.482,20.3,22.2,.232
204,New Mexico,23,16,7,.696,3.07,0.80,5,5,13,1,2,5,1817,1746,73.8,102.9,.236,.433,.540,49.5,60.1,9.9,6.9,.520,17.2,30.4,.159
205,New Orleans,21,6,15,.286,-13.39,-1.39,2,9,5,6,1,9,1593,1615,73.6,104.5,.369,.335,.578,51.7,56.2,9.0,9.9,.543,20.3,31.0,.271
206,Niagara,19,6,13,.316,-10.43,-2.16,4,4,4,2,2,11,1265,1422,67.4,110.2,.271,.421,.568,59.1,61.5,7.4,9.3,.541,17.7,36.4,.199
207,Nicholls State,22,14,8,.636,-3.71,-3.88,8,3,8,1,5,6,1683,1494,73.8,91.0,.381,.351,.513,50.9,54.0,9.4,6.9,.474,22.7,32.1,.266
208,NJIT,21,7,14,.333,-10.22,-4.72,4,4,4,4,3,10,1356,1438,67.2,101.9,.310,.370,.541,51.0,52.4,7.9,9.2,.509,16.1,25.6,.222
209,Norfolk State,21,10,11,.476,-6.56,-5.79,6,0,7,2,2,8,1474,1357,69.3,92.6,.371,.409,.508,48.2,62.2,8.3,8.2,.461,20.0,27.9,.272
210,North Alabama,21,10,11,.476,-8.30,-4.93,5,3,7,2,3,9,1434,1439,70.7,96.8,.388,.322,.515,49.8,42.3,7.8,10.1,.478,17.6,27.7,.264
211,North Carolina-Asheville,20,9,11,.450,-8.52,-7.47,3,6,5,5,4,6,1527,1480,72.1,102.0,.395,.297,.582,54.3,51.4,6.6,7.8,.561,22.3,29.8,.261
212,North Carolina A&T,22,10,12,.455,-9.63,-4.44,6,1,6,1,3,9,1553,1600,74.8,96.2,.403,.407,.502,51.6,52.8,9.0,8.4,.468,18.0,31.3,.259
213,North Carolina Central,20,8,12,.400,-11.29,-5.05,4,2,6,0,2,12,1348,1304,70.3,92.2,.321,.397,.507,51.3,49.8,9.3,7.8,.473,22.3,33.3,.223
214,North Carolina-Greensboro,22,17,5,.773,7.90,-1.00,7,2,10,3,7,2,1614,1306,68.5,85.7,.381,.404,.508,47.4,47.9,8.4,6.5,.475,24.5,25.8,.250
215,North Carolina State,21,14,7,.667,11.08,4.70,5,5,11,2,3,4,1570,1436,70.0,97.1,.346,.346,.512,50.3,46.7,8.9,9.5,.478,17.5,29.4,.238
216,North Carolina-Wilmington,23,7,16,.304,-10.32,-0.27,2,8,5,6,1,9,1603,1668,69.9,102.6,.286,.380,.533,51.9,48.9,8.9,6.9,.507,16.3,29.2,.197
217,North Carolina,20,10,10,.500,8.83,8.03,3,6,5,5,2,4,1431,1415,70.4,98.6,.272,.429,.514,43.9,54.0,10.0,8.9,.482,14.2,22.2,.198
218,North Dakota State,22,15,7,.682,0.55,-3.85,6,2,9,1,5,5,1609,1427,67.6,96.0,.247,.317,.514,47.3,38.3,7.3,8.9,.483,14.6,18.1,.183
219,North Dakota,23,10,13,.435,-6.60,-1.30,4,5,6,1,3,11,1738,1695,71.0,103.8,.282,.321,.533,47.2,46.0,10.0,8.7,.503,13.7,24.6,.203
220,North Florida,23,13,10,.565,-1.81,-0.90,6,2,8,1,4,8,1779,1714,70.7,105.3,.278,.260,.534,50.7,53.6,8.7,10.4,.507,14.5,30.4,.195
221,North Texas,22,14,8,.636,8.79,2.54,8,1,10,2,4,4,1567,1365,65.9,94.1,.399,.370,.514,47.0,48.6,11.1,10.5,.469,19.4,26.8,.285
222,Northeastern,22,11,11,.500,2.32,-3.59,5,5,4,5,6,4,1596,1466,66.5,99.6,.307,.366,.540,49.3,40.1,8.2,6.8,.511,17.1,24.0,.215
223,Northern Arizona,18,11,7,.611,-2.70,-1.39,5,4,6,2,4,5,1301,1212,68.4,98.5,.294,.359,.540,48.8,49.2,8.6,7.5,.508,18.4,25.0,.214
224,Northern Colorado,20,13,7,.650,4.41,-2.48,6,3,8,1,3,5,1486,1251,66.7,92.7,.241,.244,.498,48.4,32.5,6.8,11.4,.472,15.9,22.3,.165
225,Northern Illinois,21,12,9,.571,-2.31,-2.86,5,3,7,3,5,6,1410,1351,67.4,95.5,.278,.435,.495,46.5,51.3,8.1,9.2,.459,15.0,24.4,.201
226,Northern Iowa,21,18,3,.857,11.94,2.73,7,2,12,0,5,2,1622,1366,66.7,96.3,.248,.372,.500,44.6,40.4,10.8,6.6,.475,14.3,23.6,.166
227,Northern Kentucky,21,14,7,.667,1.32,-3.42,6,3,8,2,6,5,1550,1380,69.1,94.0,.295,.341,.492,50.1,54.0,8.2,6.8,.465,18.0,31.0,.192
228,Northwestern State,19,8,11,.421,-12.58,-5.08,5,5,5,3,3,8,1380,1426,74.4,100.3,.401,.359,.509,48.6,56.5,11.7,6.4,.461,15.4,30.0,.290
229,Northwestern,20,6,14,.300,5.58,8.23,1,9,4,7,1,6,1310,1363,66.9,101.9,.283,.418,.521,51.5,65.9,8.8,9.3,.487,14.7,27.9,.208
230,Notre Dame,20,12,8,.600,10.91,2.96,3,6,10,3,2,4,1532,1373,70.0,97.4,.196,.361,.496,49.9,52.5,7.7,8.6,.475,15.6,29.2,.133
231,Oakland,22,7,15,.318,-6.67,-1.10,2,7,3,5,2,8,1424,1513,67.1,101.3,.255,.468,.519,50.0,61.5,10.9,8.7,.494,15.9,29.8,.175
232,Ohio State,20,13,7,.650,18.95,7.35,3,6,9,2,2,4,1461,1229,67.7,90.8,.304,.373,.472,45.8,46.7,7.0,8.4,.441,16.2,26.4,.198
233,Ohio,21,10,11,.476,-2.31,-0.21,2,6,6,5,3,4,1497,1460,68.5,101.5,.307,.378,.534,48.6,46.9,9.3,7.4,.495,16.3,26.4,.235
234,Oklahoma State,20,10,10,.500,10.37,8.82,0,7,5,6,3,3,1332,1301,69.1,94.1,.315,.462,.504,50.1,60.9,9.0,9.8,.464,18.5,27.9,.231
235,Oklahoma,20,13,7,.650,11.35,8.20,3,4,8,1,2,5,1418,1355,70.4,96.2,.210,.439,.493,51.2,47.0,8.2,6.7,.466,14.5,26.1,.151
236,Old Dominion,22,9,13,.409,0.15,0.24,5,4,7,3,2,7,1398,1400,67.2,94.7,.362,.453,.511,46.4,55.9,7.1,9.9,.473,17.1,22.2,.253
237,Oral Roberts,21,11,10,.524,1.67,0.37,4,4,8,1,3,9,1651,1510,71.2,101.1,.278,.392,.536,46.8,52.1,7.0,9.0,.510,16.5,26.5,.193
238,Oregon State,21,13,8,.619,8.98,3.08,3,6,8,3,3,4,1557,1433,68.0,100.4,.310,.364,.528,50.1,54.7,8.3,8.7,.492,16.8,28.5,.228
239,Oregon,22,18,4,.818,18.14,8.19,7,2,12,0,4,2,1707,1488,67.0,97.6,.303,.410,.502,48.4,50.2,6.0,9.8,.463,16.6,31.5,.223
240,Pacific,24,16,8,.667,2.56,-0.63,4,4,11,3,4,4,1685,1555,65.5,95.4,.399,.383,.522,43.5,42.2,8.3,6.1,.480,16.8,20.4,.282
241,Penn State,20,15,5,.750,16.66,6.51,5,4,11,1,2,3,1539,1336,72.5,92.1,.334,.343,.485,49.1,50.6,7.7,7.4,.446,17.6,28.5,.231
242,Pennsylvania,15,8,7,.533,0.80,1.52,0,2,3,2,3,4,1142,1104,73.9,99.5,.264,.296,.512,50.6,42.8,10.6,8.6,.483,14.7,27.0,.185
243,Pepperdine,22,11,11,.500,1.52,2.52,4,4,7,3,4,5,1698,1720,72.5,107.2,.359,.373,.570,51.4,59.7,9.0,7.8,.540,17.1,28.7,.256
244,Pittsburgh,21,13,8,.619,8.97,5.45,4,6,9,4,2,4,1395,1321,65.5,95.5,.248,.402,.504,50.8,56.3,8.0,9.8,.478,20.0,34.4,.170
245,Portland State,23,11,12,.478,-2.73,-1.97,5,6,7,2,3,10,1786,1724,72.0,104.1,.300,.301,.549,47.7,56.8,7.7,7.4,.520,17.5,31.9,.214
246,Portland,23,9,14,.391,-5.30,0.55,1,7,7,5,2,5,1563,1614,70.2,100.0,.261,.408,.510,53.2,60.8,9.6,7.3,.491,15.9,31.4,.164
247,Prairie View,20,10,10,.500,-4.21,-2.93,6,1,6,0,3,9,1442,1412,73.8,95.1,.484,.402,.548,51.2,50.9,8.1,8.3,.504,22.3,28.9,.340
248,Presbyterian,22,8,14,.364,-14.70,-5.60,5,4,5,4,3,8,1459,1588,67.5,106.3,.329,.449,.553,49.9,51.8,10.8,9.5,.523,15.9,28.0,.232
249,Princeton,15,7,8,.467,-3.41,-0.83,2,0,3,4,2,3,1093,1083,68.2,104.9,.303,.310,.558,47.8,42.6,10.0,9.3,.523,15.5,24.8,.231
250,Providence,21,11,10,.524,9.86,5.77,4,4,8,3,2,4,1487,1401,70.0,94.7,.359,.366,.521,48.7,52.4,9.7,9.6,.484,19.7,28.3,.251
251,Purdue,21,11,10,.524,15.58,8.58,4,6,9,2,1,6,1417,1270,64.2,91.4,.303,.405,.496,46.6,58.1,7.7,10.1,.463,18.9,26.9,.209
252,Quinnipiac,18,10,8,.556,-6.19,-6.75,5,3,7,2,2,5,1268,1258,68.7,101.8,.228,.358,.499,49.2,57.2,9.4,11.4,.471,12.6,28.4,.163
253,Radford,21,12,9,.571,-1.96,-2.64,7,2,6,2,5,6,1466,1357,65.2,99.1,.342,.448,.509,48.4,52.5,6.6,9.2,.477,15.4,28.1,.230
254,Rhode Island,20,15,5,.750,10.53,4.63,7,1,9,1,5,3,1484,1366,72.7,93.4,.264,.385,.492,49.5,50.4,7.9,7.0,.464,18.2,29.6,.181
255,Rice,22,9,13,.409,-6.17,-0.17,1,8,5,5,2,7,1603,1665,72.4,104.6,.264,.367,.540,50.9,44.9,9.1,11.1,.516,14.8,26.8,.184
256,Richmond,21,15,6,.714,9.15,3.15,5,3,9,2,5,2,1592,1466,69.7,99.1,.321,.402,.518,52.5,45.3,8.6,9.1,.484,17.0,28.9,.225
257,Rider,19,11,8,.579,-4.09,-5.20,5,4,5,1,4,7,1385,1364,72.1,99.5,.266,.444,.538,46.2,55.4,9.2,9.2,.516,17.2,23.8,.180
258,Robert Morris,22,11,11,.500,-5.30,-4.96,7,2,6,2,4,9,1524,1491,68.6,98.7,.333,.369,.537,50.1,53.9,9.1,10.6,.505,19.2,28.5,.233
259,Rutgers,21,16,5,.762,16.21,7.11,7,3,15,0,1,4,1503,1276,68.9,88.2,.251,.396,.468,45.4,53.7,8.9,8.9,.436,17.8,26.0,.177
260,Sacramento State,18,11,7,.611,-2.33,-1.77,4,5,8,0,2,7,1095,1019,64.1,88.3,.311,.292,.482,46.5,50.0,8.8,7.9,.432,19.2,25.4,.242
261,Sacred Heart,22,13,9,.591,-5.38,-8.10,6,3,5,2,7,6,1635,1534,70.7,98.6,.236,.337,.492,46.1,55.0,9.7,9.5,.467,14.2,29.5,.161
262,Saint Francis (PA),21,13,8,.619,-4.85,-6.60,6,4,7,2,5,6,1635,1551,71.4,102.9,.299,.384,.553,47.6,48.2,9.0,8.5,.525,17.7,27.2,.213
263,Saint Joseph's,21,4,17,.190,-5.71,5.63,0,8,2,7,2,7,1474,1712,72.7,111.5,.323,.343,.560,51.0,48.9,9.8,13.3,.527,12.1,27.4,.238
264,Saint Louis,21,16,5,.762,8.25,2.35,5,3,11,2,3,2,1496,1365,68.9,92.7,.362,.376,.498,46.1,49.6,9.4,8.2,.460,18.1,26.2,.247
265,Saint Mary's (CA),23,19,4,.826,13.37,2.96,6,2,11,2,4,1,1774,1494,65.0,96.8,.255,.326,.516,47.7,35.5,5.9,8.3,.486,16.4,24.1,.185
266,Saint Peter's,18,8,10,.444,-5.74,-5.52,5,4,5,3,3,7,1161,1165,68.4,94.0,.416,.364,.509,46.1,57.7,11.7,13.6,.463,19.2,28.3,.294
267,Sam Houston State,21,15,6,.714,-1.24,-5.54,8,2,10,1,5,5,1699,1490,75.2,92.2,.403,.427,.520,50.2,54.5,8.7,7.4,.472,21.7,28.1,.296
268,Samford,23,8,15,.348,-11.24,-0.84,2,7,6,5,2,10,1730,1841,74.1,106.8,.257,.457,.548,51.1,62.4,9.8,8.1,.527,16.9,32.8,.176
269,San Diego State,22,22,0,1.000,19.02,2.45,11,0,11,0,8,0,1650,1258,66.7,85.7,.319,.412,.468,46.6,51.6,8.0,5.8,.424,19.3,25.5,.228
270,San Diego,23,8,15,.348,-3.67,3.05,1,7,5,6,3,6,1508,1630,71.6,98.5,.316,.336,.527,50.3,48.3,9.8,8.0,.496,16.7,25.8,.221
271,San Francisco,23,16,7,.696,8.01,2.05,5,3,10,3,5,4,1775,1593,69.5,98.6,.311,.296,.537,46.9,40.6,9.0,9.1,.502,17.0,23.9,.228
272,San Jose State,22,7,15,.318,-6.74,4.88,3,7,6,6,1,8,1536,1755,73.7,108.2,.347,.342,.556,52.2,62.4,10.0,7.7,.528,14.9,28.8,.237
273,Santa Clara,23,17,6,.739,2.87,-0.32,4,4,15,2,2,4,1773,1614,73.5,95.0,.386,.326,.509,50.6,51.5,9.7,8.0,.466,18.0,27.5,.273
274,Seattle,22,11,11,.500,-4.07,-4.02,4,3,7,3,2,7,1638,1571,71.8,97.8,.394,.367,.520,50.1,48.4,7.7,7.6,.474,16.7,26.7,.286
275,Seton Hall,20,16,4,.800,18.38,8.23,8,0,9,1,5,2,1498,1295,71.9,90.0,.331,.333,.474,49.0,47.9,9.9,10.3,.434,18.2,29.6,.229
276,Siena,18,9,9,.500,-3.50,-4.44,5,4,9,0,0,9,1308,1291,69.3,101.3,.282,.369,.543,46.6,45.9,7.8,9.6,.513,16.3,23.5,.206
277,South Alabama,23,12,11,.522,-0.81,0.04,5,7,7,5,3,5,1644,1575,67.2,101.4,.274,.434,.535,50.6,54.0,7.9,10.0,.508,17.9,30.1,.193
278,South Carolina State,19,9,10,.474,-14.12,-6.29,4,3,6,2,3,8,1345,1439,69.5,107.5,.321,.380,.560,48.7,48.3,8.1,8.3,.537,15.2,27.2,.217
279,South Carolina Upstate,22,9,13,.409,-12.40,-4.50,4,5,6,3,3,10,1518,1617,69.5,105.8,.415,.399,.570,52.2,49.5,8.6,8.9,.530,17.9,28.1,.307
280,South Carolina,20,12,8,.600,8.56,4.61,4,3,7,4,5,2,1424,1345,71.6,93.9,.515,.416,.508,47.9,55.0,8.0,8.2,.448,18.6,27.6,.369
281,South Dakota State,24,16,8,.667,2.96,-3.18,7,2,12,0,4,8,1854,1678,69.5,99.6,.259,.361,.500,47.0,40.4,9.0,9.1,.474,13.7,27.8,.174
282,South Dakota,23,15,8,.652,-1.25,-3.54,6,3,10,1,3,6,1811,1712,70.6,105.5,.295,.337,.551,49.4,41.1,7.3,7.3,.519,13.8,22.5,.217
283,South Florida,21,9,12,.429,3.82,3.34,2,6,7,4,1,4,1307,1297,65.8,93.3,.326,.410,.544,47.6,53.2,10.1,9.5,.519,22.1,23.8,.218
284,Southeast Missouri State,22,4,18,.182,-14.35,-2.50,0,9,3,5,0,12,1444,1665,68.8,109.3,.342,.361,.579,52.9,57.7,7.6,9.7,.557,16.4,27.9,.231
285,Southeastern Louisiana,21,6,15,.286,-15.22,-3.00,3,7,4,4,2,10,1408,1609,73.7,102.7,.401,.364,.562,54.5,55.9,10.2,9.2,.522,20.4,33.9,.293
286,Southern California,21,17,4,.810,11.07,4.74,6,2,9,1,5,2,1533,1400,71.0,92.2,.261,.381,.478,46.8,50.3,11.3,7.1,.449,16.1,27.7,.176
287,SIU Edwardsville,22,5,17,.227,-15.62,-5.57,2,7,3,6,2,11,1479,1623,70.3,105.0,.399,.417,.563,52.1,64.1,8.5,6.8,.519,17.7,28.7,.300
288,Southern Illinois,22,12,10,.545,0.88,-0.21,6,3,10,1,1,7,1378,1327,64.3,93.8,.254,.366,.499,53.4,53.1,10.1,9.2,.475,18.7,29.6,.169
289,Southern Methodist,20,15,5,.750,8.58,0.88,5,3,11,1,4,4,1497,1343,66.5,99.1,.245,.426,.512,45.5,60.7,10.4,9.1,.482,15.7,27.3,.179
290,Southern Mississippi,22,6,16,.273,-6.44,4.40,2,7,5,5,1,8,1472,1621,68.9,106.9,.372,.457,.564,49.9,53.9,10.4,6.3,.523,16.7,28.3,.280
291,Southern Utah,20,12,8,.600,2.01,-2.22,5,4,6,3,5,5,1480,1274,71.0,88.0,.339,.330,.477,45.4,46.8,8.4,10.1,.434,17.3,23.1,.238
292,Southern,21,8,13,.381,-12.68,-5.57,5,3,5,1,2,12,1424,1476,68.9,101.4,.466,.343,.547,48.1,46.0,9.1,7.4,.511,17.3,26.6,.315
293,St. Bonaventure,21,13,8,.619,2.46,0.76,5,3,5,3,5,5,1421,1362,66.3,97.3,.342,.435,.516,47.8,59.4,8.6,7.2,.482,17.3,26.5,.235
294,St. Francis (NY),21,10,11,.476,-11.47,-7.37,4,5,8,1,2,10,1474,1492,71.4,99.5,.345,.321,.531,50.0,46.0,8.1,7.0,.500,17.2,26.6,.236
295,St. John's (NY),22,13,9,.591,9.99,4.72,2,7,10,4,1,4,1645,1529,75.1,92.6,.376,.415,.497,50.8,57.3,7.1,9.7,.461,20.0,31.5,.252
296,Stanford,20,15,5,.750,13.99,2.59,4,3,11,2,2,2,1422,1194,69.1,85.8,.290,.370,.470,50.0,46.1,8.8,10.6,.441,20.4,27.8,.186
297,Stephen F. Austin,21,18,3,.857,4.07,-5.66,9,1,10,1,8,2,1699,1408,75.3,88.6,.493,.399,.547,45.0,55.2,10.1,8.7,.498,27.2,26.2,.355
298,Stetson,23,11,12,.478,-10.92,-5.11,5,3,5,5,5,6,1463,1515,64.9,100.9,.280,.489,.516,47.5,61.4,8.7,9.0,.489,15.3,27.9,.192
299,Stony Brook,22,14,8,.636,0.56,-3.16,5,2,6,2,6,6,1578,1453,70.1,93.2,.265,.407,.488,47.4,57.0,8.9,8.3,.457,16.6,27.0,.185
300,Syracuse,21,13,8,.619,12.28,5.28,6,4,9,4,4,2,1538,1391,66.8,98.5,.274,.507,.503,50.0,74.2,9.1,8.2,.470,16.5,31.2,.197
301,Temple,20,10,10,.500,7.31,5.11,2,6,5,4,3,4,1354,1310,71.3,91.8,.285,.440,.485,49.6,56.4,9.7,11.5,.452,17.0,26.9,.198
302,Tennessee-Martin,20,6,14,.300,-12.83,-0.50,2,7,3,4,2,8,1545,1689,71.3,118.4,.272,.411,.606,52.2,58.8,9.7,8.0,.590,15.6,34.4,.190
303,Tennessee State,22,13,9,.591,-5.67,-5.37,5,4,8,1,3,8,1650,1607,71.8,101.7,.397,.383,.532,45.2,44.8,8.2,6.5,.485,15.7,26.2,.296
304,Tennessee Tech,22,5,17,.227,-15.24,-2.94,2,7,3,7,2,8,1430,1624,69.7,105.2,.266,.384,.560,50.1,57.5,11.0,9.4,.537,16.9,27.4,.187
305,Tennessee,20,12,8,.600,11.89,5.69,4,3,8,4,2,3,1323,1199,66.8,89.7,.308,.339,.465,48.9,45.4,11.2,9.0,.429,17.0,29.0,.208
306,Texas A&M-Corpus Christi,22,9,13,.409,-10.41,-5.16,5,6,6,4,3,9,1394,1461,67.3,98.7,.368,.378,.512,47.8,52.9,12.1,11.7,.467,15.8,27.5,.269
307,Texas A&M,19,10,9,.526,2.10,4.05,4,3,7,4,3,1,1163,1200,65.3,96.1,.257,.495,.505,49.9,64.3,9.6,10.7,.472,18.5,30.8,.190
308,Texas-Arlington,22,9,13,.409,3.64,3.34,5,6,4,5,5,7,1557,1500,69.4,98.3,.351,.371,.501,50.5,51.5,6.9,9.5,.465,15.3,28.9,.241
309,Texas Christian,20,13,7,.650,11.59,6.43,4,3,11,3,1,3,1380,1261,66.9,93.1,.299,.362,.514,47.8,66.8,8.0,9.5,.488,20.8,27.6,.199
310,Texas-El Paso,22,13,9,.591,0.41,-0.12,4,5,11,1,1,7,1504,1437,69.5,93.4,.349,.364,.504,49.8,45.1,9.0,6.9,.464,17.9,25.4,.247
311,Texas-Rio Grande Valley,20,6,14,.300,-8.38,-1.80,2,5,6,3,0,9,1431,1423,70.4,99.8,.470,.345,.572,51.6,60.7,7.9,5.8,.534,22.1,27.8,.332
312,Texas-San Antonio,22,10,12,.455,-2.79,0.69,4,5,8,2,2,6,1725,1691,74.4,102.1,.360,.382,.542,49.3,44.9,7.5,8.5,.510,16.9,25.8,.250
313,Texas Southern,20,9,11,.450,-7.54,-0.12,6,1,6,1,3,10,1416,1519,75.0,100.0,.328,.355,.522,50.2,50.9,10.1,9.3,.486,17.2,31.3,.236
314,Texas State,22,13,9,.591,3.38,-0.57,6,5,9,3,4,6,1586,1397,67.4,94.2,.367,.379,.510,50.9,50.1,7.5,8.9,.464,19.6,30.4,.270
315,Texas Tech,20,13,7,.650,15.78,5.68,4,3,10,2,1,3,1471,1269,69.9,89.1,.361,.362,.498,48.7,47.5,8.6,7.4,.459,21.3,27.5,.249
316,Texas,20,13,7,.650,9.53,6.98,3,4,8,3,3,3,1319,1268,66.8,95.0,.331,.277,.493,52.1,44.0,9.7,8.3,.463,17.9,32.9,.214
317,Toledo,21,11,10,.524,2.67,-0.88,3,5,6,4,5,6,1618,1488,70.4,100.1,.266,.371,.506,48.5,47.9,9.6,10.0,.473,15.0,29.3,.193
318,Towson,22,13,9,.591,0.32,-1.30,7,3,7,3,4,3,1552,1449,66.9,97.3,.308,.417,.502,46.9,50.9,7.1,7.7,.464,15.1,27.1,.224
319,Troy,23,8,15,.348,-8.68,-1.54,4,8,6,5,2,10,1587,1659,70.8,100.9,.381,.407,.534,50.8,56.2,9.7,9.6,.499,18.3,31.1,.264
320,Tulane,20,10,10,.500,0.79,0.79,2,6,6,3,2,3,1374,1374,68.8,99.3,.270,.444,.547,55.0,62.6,7.0,8.7,.526,21.0,31.0,.183
321,Tulsa,20,14,6,.700,8.60,1.60,6,1,10,1,4,4,1425,1285,68.1,92.1,.282,.454,.488,48.9,54.3,10.5,9.4,.454,17.9,28.0,.198
322,UCLA,21,11,10,.524,6.05,6.05,4,4,8,4,2,3,1461,1435,67.0,101.3,.405,.379,.547,44.9,45.9,8.3,8.9,.504,17.4,24.8,.295
323,Utah State,23,17,6,.739,13.70,3.70,6,4,11,1,2,4,1788,1465,69.7,90.0,.272,.402,.483,44.0,45.5,9.5,9.5,.452,16.9,22.0,.189
324,Utah Valley,23,9,14,.391,-8.34,-4.04,3,5,4,5,5,9,1585,1608,71.5,97.2,.317,.303,.508,50.1,46.6,7.7,10.6,.466,15.5,25.4,.236
325,Utah,20,12,8,.600,9.23,6.18,3,5,8,1,1,5,1484,1423,69.4,101.9,.209,.355,.520,47.2,50.6,8.9,12.0,.497,14.9,27.2,.150
326,Valparaiso,22,11,11,.500,-0.04,0.72,4,5,7,1,3,7,1612,1601,71.4,100.8,.323,.337,.564,50.9,51.9,8.8,7.6,.538,19.8,26.0,.224
327,Vanderbilt,20,8,12,.400,1.88,3.28,0,7,8,6,0,5,1447,1475,70.1,103.9,.358,.331,.556,52.4,49.8,8.0,9.7,.522,18.0,29.8,.259
328,Vermont,22,16,6,.727,6.23,-3.05,6,1,7,2,8,3,1531,1287,66.8,87.6,.307,.405,.470,47.5,49.8,8.9,8.1,.430,17.3,24.5,.218
329,Villanova,20,17,3,.850,16.71,7.96,7,1,10,0,4,2,1491,1316,67.7,96.6,.221,.323,.505,48.2,47.0,9.0,11.4,.482,15.7,25.4,.153
330,Virginia Commonwealth,21,16,5,.762,12.69,2.35,6,2,12,1,4,2,1527,1310,70.4,88.6,.307,.346,.496,50.7,50.1,9.7,8.8,.459,22.1,29.4,.219
331,VMI,23,6,17,.261,-7.99,-3.04,1,9,5,6,0,10,1661,1600,67.4,100.9,.332,.388,.539,49.6,54.4,8.1,10.3,.508,17.6,27.6,.232
332,Virginia Tech,21,14,7,.667,10.60,3.08,5,5,10,2,3,3,1488,1330,66.4,94.2,.223,.436,.496,50.3,53.2,6.2,8.8,.475,16.2,24.0,.147
333,Virginia,20,14,6,.700,10.93,5.38,6,4,9,3,3,3,1125,1014,60.4,82.9,.232,.440,.452,46.2,47.2,11.9,7.1,.423,18.6,23.2,.157
334,Wagner,20,5,15,.250,-13.80,-3.96,2,7,3,5,2,10,1385,1542,70.3,108.4,.478,.421,.571,50.4,58.4,9.3,8.9,.534,16.3,28.8,.333
335,Wake Forest,20,9,11,.450,5.50,6.60,2,8,5,4,1,6,1448,1470,70.9,102.4,.341,.364,.526,47.6,49.0,10.9,9.7,.497,13.7,25.7,.228
336,Washington State,22,13,9,.591,4.65,1.38,4,5,10,2,1,5,1563,1491,70.9,95.0,.303,.307,.531,50.5,44.1,6.9,9.4,.502,19.9,24.8,.209
337,Washington,22,12,10,.545,13.21,7.03,2,7,9,4,1,4,1542,1406,69.1,91.5,.262,.376,.463,49.8,60.4,9.8,5.2,.431,16.4,32.5,.179
338,Weber State,21,8,13,.381,-7.95,0.55,4,6,5,4,3,5,1497,1483,69.7,100.1,.229,.340,.525,52.1,54.2,8.4,7.3,.503,16.0,26.5,.159
339,West Virginia,20,16,4,.800,21.19,9.09,4,3,10,0,3,4,1473,1231,71.2,86.4,.384,.388,.470,43.9,47.2,10.5,7.0,.418,19.8,27.9,.274
340,Western Carolina,20,13,7,.650,-0.44,-1.72,5,4,8,2,5,5,1599,1491,72.6,101.4,.309,.384,.525,46.9,44.9,9.0,11.4,.492,15.4,25.8,.221
341,Western Illinois,19,5,14,.263,-13.61,-2.90,2,7,4,7,1,7,1430,1534,73.7,108.9,.321,.355,.567,52.9,40.5,6.4,6.7,.534,14.1,24.5,.238
342,Western Kentucky,21,14,7,.667,4.46,0.76,7,2,9,1,3,4,1609,1492,70.4,99.7,.208,.380,.518,51.4,45.5,7.6,7.7,.492,16.9,30.8,.154
343,Western Michigan,20,9,11,.450,-6.03,-0.36,2,5,7,2,2,7,1428,1461,69.3,103.5,.300,.377,.522,52.6,47.2,7.9,8.0,.495,14.6,30.8,.204
344,Wichita State,20,17,3,.850,14.60,3.75,5,2,13,1,3,1,1491,1274,72.1,87.3,.405,.348,.485,46.7,46.3,8.4,11.5,.436,19.7,24.8,.284
345,William & Mary,23,16,7,.696,-1.07,-2.98,8,2,8,1,8,5,1668,1566,68.8,98.9,.272,.341,.505,47.1,43.0,9.7,8.6,.474,13.4,23.7,.193
346,Winthrop,22,15,7,.682,2.85,-4.30,9,0,8,2,7,5,1778,1547,72.7,95.1,.420,.392,.523,45.5,52.4,9.2,9.1,.487,19.0,25.3,.281
347,Wisconsin,21,12,9,.571,14.28,9.42,5,5,9,1,3,5,1392,1290,64.2,95.1,.265,.333,.496,50.0,47.8,7.7,9.4,.466,16.0,25.7,.183
348,Wofford,22,14,8,.636,0.36,-2.09,6,3,9,1,5,7,1599,1481,66.9,99.5,.305,.434,.533,50.8,53.0,8.5,7.8,.503,17.1,26.7,.215
349,Wright State,22,18,4,.818,4.03,-6.17,8,1,10,2,6,1,1793,1533,72.9,94.6,.247,.328,.491,47.0,39.2,8.1,6.9,.462,16.6,29.1,.172
350,Wyoming,22,5,17,.227,-4.84,4.25,0,10,4,10,1,5,1304,1481,65.2,101.6,.343,.425,.527,55.8,48.2,10.2,9.9,.498,15.9,28.2,.230
351,Xavier,21,13,8,.619,11.24,7.38,2,6,10,3,1,4,1507,1426,69.5,94.9,.325,.360,.498,48.0,49.0,9.1,8.2,.456,16.8,27.9,.239
352,Yale,18,14,4,.778,7.68,-0.26,2,0,5,0,7,4,1362,1128,68.8,87.4,.252,.392,.456,46.6,50.5,9.7,10.0,.419,15.6,23.8,.184
353,Youngstown State,23,12,11,.522,-6.70,-3.99,5,5,9,3,3,8,1667,1650,69.5,101.5,.299,.333,.520,47.7,50.1,7.8,8.3,.490,15.4,29.3,.207
