Rk,School,G,W,L,W-L%,SRS,SOS,W,L,W,L,W,L,Tm.,Opp.,,Pace,ORtg,FTr,3PAr,TS%,TRB%,AST%,STL%,BLK%,eFG%,TOV%,ORB%,FT/FGA
1,Abilene Christian,20,11,9,.550,-3.43,-3.18,6,3,8,2,3,7,1508,1292,,71.4,103.6,.373,.370,.540,50.3,57.6,12.9,7.8,.497,17.3,31.4,.278
2,Air Force,22,9,13,.409,0.68,1.44,3,7,6,5,3,5,1653,1612,,69.0,109.0,.388,.420,.584,50.5,57.3,7.3,5.7,.543,16.0,22.7,.295
3,Akron,21,16,5,.762,8.36,-0.70,6,2,10,2,5,2,1623,1384,,71.1,108.6,.325,.438,.573,50.8,54.2,7.0,7.3,.536,16.6,28.3,.251
4,Alabama A&M,18,5,13,.278,-17.15,-6.43,2,5,4,1,1,11,1144,1337,,70.2,89.9,.257,.336,.463,46.4,46.6,9.1,5.9,.431,14.6,24.9,.177
5,Alabama-Birmingham,22,13,9,.591,-1.45,-1.25,4,5,8,4,3,5,1436,1395,,66.3,98.4,.317,.303,.521,55.3,42.2,8.5,8.6,.489,19.2,34.1,.222
6,Alabama State,20,3,17,.150,-17.31,-2.61,2,5,1,1,0,13,1207,1501,,69.4,86.9,.331,.375,.478,45.1,46.2,8.6,4.8,.448,18.9,23.1,.210
7,Alabama,20,12,8,.600,12.48,7.28,4,3,8,1,2,5,1649,1545,,77.7,104.8,.375,.469,.557,50.8,50.5,7.9,10.9,.522,17.3,28.7,.267
8,Albany (NY),22,12,10,.545,-6.98,-6.41,5,2,6,3,4,7,1505,1491,,70.6,96.4,.362,.421,.530,50.8,56.5,7.9,7.6,.490,18.0,24.5,.263
9,Alcorn State,19,10,9,.526,-11.34,-6.07,6,2,7,1,3,8,1469,1363,,72.9,105.4,.276,.406,.541,53.0,53.2,12.1,8.6,.509,16.8,32.6,.206
10,American,20,10,10,.500,-6.01,-5.71,6,3,6,3,4,7,1437,1443,,69.5,102.8,.290,.353,.542,48.1,49.4,10.4,8.5,.514,15.9,26.1,.205
11,Appalachian State,22,12,10,.545,-0.54,-0.14,6,5,6,3,5,6,1512,1461,,69.0,99.0,.402,.381,.520,50.3,47.5,10.7,7.1,.486,17.0,28.6,.265
12,Arizona State,20,12,8,.600,10.57,6.82,3,4,8,2,3,3,1447,1372,,74.0,97.8,.307,.353,.506,48.6,42.2,10.8,9.7,.477,15.4,26.3,.205
13,Arizona,20,14,6,.700,21.86,7.46,4,3,10,1,1,4,1609,1321,,71.5,111.9,.361,.339,.573,52.7,58.1,9.2,10.8,.538,14.5,30.1,.266
14,Little Rock,23,16,7,.696,2.67,-1.29,10,2,9,2,7,5,1635,1530,,70.3,101.1,.419,.324,.556,53.2,58.0,10.2,10.5,.520,20.5,31.3,.293
15,Arkansas-Pine Bluff,19,3,16,.158,-20.83,-1.45,2,5,1,2,2,14,1011,1352,,68.1,78.2,.352,.276,.468,47.0,49.2,11.4,9.7,.439,24.5,25.6,.214
16,Arkansas State,23,15,8,.652,-1.92,-1.16,7,5,10,4,5,4,1621,1610,,67.6,103.1,.487,.315,.544,49.6,62.4,10.1,8.7,.498,16.6,28.4,.343
17,Arkansas,20,15,5,.750,15.58,5.28,3,4,11,2,3,3,1485,1279,,71.8,102.1,.361,.405,.545,46.4,48.6,11.6,11.3,.506,15.0,20.9,.263
18,Army,20,10,10,.500,-9.52,-6.42,5,4,5,4,5,6,1413,1435,,70.3,99.9,.247,.390,.552,48.9,61.3,7.8,4.8,.544,16.7,19.6,.147
19,Auburn,20,18,2,.900,15.33,4.63,5,2,11,0,3,2,1585,1371,,71.5,108.9,.426,.430,.543,53.4,50.4,8.8,13.6,.510,15.5,34.7,.284
20,Austin Peay,22,15,7,.682,0.41,-3.79,9,0,10,0,4,6,1733,1587,,70.3,112.0,.374,.348,.570,51.6,50.6,9.8,8.7,.532,15.6,33.4,.277
21,Ball State,20,11,9,.550,4.80,-1.62,4,3,6,3,3,4,1413,1247,,69.9,101.1,.292,.467,.532,51.4,55.8,10.3,9.4,.511,16.4,27.2,.190
22,Baylor,19,18,1,.947,20.24,6.18,7,0,9,0,5,0,1375,1108,,67.1,107.8,.296,.368,.525,54.4,52.7,11.8,12.9,.493,14.6,37.7,.212
23,Belmont,22,15,7,.682,4.01,-6.52,6,3,8,1,7,5,1796,1526,,74.2,110.0,.213,.445,.573,51.8,61.8,8.8,8.1,.556,14.9,25.8,.150
24,Bethune-Cookman,21,10,11,.476,-10.07,-6.24,4,3,5,1,3,10,1591,1556,,75.8,99.9,.371,.304,.525,50.3,47.6,9.5,6.8,.486,17.6,30.3,.263
25,Binghamton,21,8,13,.381,-15.46,-4.30,2,6,6,4,2,9,1466,1604,,69.3,100.1,.215,.475,.521,48.2,46.7,6.6,8.1,.497,16.7,27.7,.154
26,Boise State,22,14,8,.636,8.39,3.10,6,4,10,1,2,6,1745,1557,,70.9,108.9,.385,.415,.577,51.4,49.1,8.0,4.1,.539,15.2,24.6,.288
27,Boston College,21,10,11,.476,1.53,5.39,4,6,7,6,2,5,1354,1435,,70.2,91.9,.314,.395,.489,46.0,53.5,12.3,7.9,.461,17.2,24.7,.203
28,Boston University,22,12,10,.545,-2.11,-4.40,6,3,7,2,5,6,1587,1511,,67.9,105.0,.272,.351,.536,51.5,46.1,8.3,5.2,.517,14.7,28.4,.178
29,Bowling Green State,21,16,5,.762,1.35,-0.80,7,1,10,1,3,1,1581,1497,,71.4,104.2,.281,.373,.518,51.7,47.3,7.9,6.8,.483,12.6,28.8,.208
30,Bradley,22,15,7,.682,6.87,0.10,6,3,12,1,2,5,1596,1421,,68.2,106.3,.323,.315,.535,54.5,55.5,7.3,12.8,.499,15.3,33.6,.235
31,Brigham Young,23,16,7,.696,16.53,6.76,5,3,10,1,2,5,1836,1586,,69.7,112.7,.226,.420,.606,49.5,57.2,7.9,4.5,.591,14.7,20.2,.160
32,Brown,15,7,8,.467,-4.04,0.67,0,2,6,2,1,6,1027,1067,,71.8,95.4,.312,.400,.506,53.1,55.0,9.1,12.3,.473,20.0,34.8,.215
33,Bryant,21,10,11,.476,-4.18,-4.83,2,6,6,4,4,7,1503,1441,,70.9,100.3,.270,.474,.522,49.7,55.7,10.8,11.4,.498,17.3,29.3,.180
34,Bucknell,22,9,13,.409,-7.37,-2.91,5,4,6,2,2,9,1523,1621,,71.0,97.6,.300,.410,.527,48.3,48.8,10.1,9.9,.493,17.4,25.2,.217
35,Buffalo,21,14,7,.667,1.92,-0.03,5,3,7,4,4,2,1669,1593,,75.5,105.2,.276,.385,.527,52.7,54.5,11.0,10.3,.506,15.9,35.5,.182
36,Butler,21,17,4,.810,16.45,6.74,5,3,10,1,4,3,1456,1252,,65.2,105.7,.309,.364,.560,54.1,52.8,7.5,8.3,.530,15.7,28.3,.224
37,Cal Poly,20,5,15,.250,-10.53,1.69,2,4,5,3,0,10,1304,1477,,69.4,93.3,.349,.340,.511,46.6,42.9,9.0,7.2,.477,18.2,22.7,.238
38,Cal State Bakersfield,22,10,12,.455,-4.85,-1.27,4,3,7,5,3,7,1566,1514,,66.7,103.8,.317,.268,.518,56.2,46.2,9.8,10.6,.487,16.7,37.8,.218
39,Cal State Fullerton,22,8,14,.364,-6.69,-0.94,3,4,3,6,4,7,1474,1518,,69.7,95.5,.352,.347,.518,47.8,48.3,8.2,8.3,.486,16.7,22.0,.238
40,Cal State Northridge,23,9,14,.391,-8.01,-0.67,4,3,6,3,3,10,1726,1811,,71.9,104.4,.306,.357,.546,46.9,52.3,8.5,8.3,.516,14.9,25.3,.219
41,California Baptist,21,15,6,.714,-0.53,-6.70,5,2,11,4,4,2,1669,1451,,71.7,110.2,.348,.428,.568,53.9,55.0,5.8,8.1,.528,16.1,31.1,.269
42,UC-Davis,22,8,14,.364,-5.95,-1.55,2,4,4,3,3,9,1575,1557,,68.6,103.1,.297,.376,.558,47.8,50.9,8.6,5.4,.523,16.9,23.4,.228
43,UC-Irvine,22,13,9,.591,3.11,-0.64,5,1,7,1,4,7,1621,1443,,70.4,104.6,.304,.302,.543,56.6,53.2,9.4,10.6,.510,17.3,34.7,.224
44,UC-Riverside,23,14,9,.609,-3.39,-4.39,4,3,10,2,4,7,1539,1415,,65.8,101.7,.276,.437,.543,55.3,54.3,7.5,6.4,.520,17.8,28.6,.189
45,UC-Santa Barbara,21,13,8,.619,-2.06,-4.75,2,4,8,3,5,5,1501,1410,,64.9,109.6,.366,.354,.567,54.6,52.5,7.1,7.4,.528,16.3,32.7,.275
46,University of California,20,9,11,.450,2.09,7.19,3,4,9,3,0,5,1262,1364,,65.9,94.5,.341,.280,.512,49.5,42.1,6.2,7.3,.471,17.6,25.4,.247
47,Campbell,21,11,10,.524,-9.04,-7.83,2,7,5,4,5,5,1460,1406,,68.2,101.4,.256,.415,.552,46.7,58.7,12.0,7.7,.523,17.3,23.6,.191
48,Canisius,20,8,12,.400,-5.43,-4.33,3,6,5,2,2,9,1394,1416,,71.6,97.3,.336,.344,.530,48.1,56.4,11.1,7.2,.498,19.5,28.9,.233
49,Central Arkansas,21,6,15,.286,-11.34,0.36,5,5,6,3,0,11,1576,1790,,76.6,95.1,.427,.405,.526,49.3,58.3,6.8,14.1,.482,20.4,27.5,.303
50,Central Connecticut State,23,2,21,.087,-22.85,-3.71,1,9,2,7,0,12,1424,1811,,71.0,87.2,.306,.321,.476,43.6,46.0,9.4,8.8,.446,18.4,23.1,.200
51,Central Florida,20,11,9,.550,5.19,3.09,2,6,7,4,2,4,1373,1331,,69.4,98.8,.292,.369,.513,49.9,55.4,8.9,8.6,.481,16.6,29.7,.206
52,Central Michigan,19,11,8,.579,-1.31,0.13,4,2,10,1,1,7,1563,1443,,76.9,107.0,.349,.372,.541,50.3,42.6,12.7,6.6,.504,14.3,29.4,.254
53,Charleston Southern,21,11,10,.524,-12.51,-5.14,5,4,6,4,5,5,1469,1525,,70.1,98.6,.275,.410,.530,46.6,53.4,9.1,6.7,.501,17.5,24.5,.197
54,Charlotte,20,12,8,.600,2.00,-2.40,6,3,10,1,2,7,1346,1258,,67.2,98.8,.399,.355,.558,50.8,50.0,11.7,11.1,.521,19.2,21.2,.286
55,Chattanooga,22,14,8,.636,-0.72,-2.42,5,4,8,1,4,7,1598,1486,,68.6,105.3,.270,.416,.549,51.8,56.0,6.9,4.0,.528,15.9,27.8,.183
56,Chicago State,22,4,18,.182,-29.33,-2.48,0,7,3,7,1,9,1405,1847,,72.4,88.2,.392,.341,.512,46.1,50.0,7.3,7.8,.466,22.1,23.9,.284
57,Cincinnati,20,13,7,.650,12.97,5.17,6,2,9,1,2,4,1453,1297,,69.8,102.2,.370,.356,.537,53.8,58.5,9.5,11.6,.505,17.9,32.1,.253
58,Citadel,20,6,14,.300,-12.06,-1.35,0,9,3,7,3,7,1569,1594,,77.4,99.5,.307,.466,.540,49.0,56.3,9.2,6.8,.511,17.9,25.7,.215
59,Clemson,20,11,9,.550,10.05,6.95,5,5,9,4,1,4,1368,1306,,67.4,99.6,.297,.461,.529,49.5,55.1,10.4,8.1,.504,16.2,24.4,.198
60,Cleveland State,23,9,14,.391,-11.22,-1.91,5,5,6,5,1,9,1466,1646,,69.8,91.3,.419,.230,.492,49.6,50.1,11.5,7.8,.447,20.0,32.1,.287
61,Coastal Carolina,22,11,11,.500,-0.33,-0.33,4,7,7,7,4,3,1715,1644,,74.3,104.8,.357,.361,.539,53.7,48.3,11.1,10.4,.507,18.5,36.2,.248
62,Colgate,22,16,6,.727,0.32,-3.63,7,2,9,1,6,5,1654,1532,,68.9,108.5,.219,.476,.560,50.1,52.6,7.8,7.2,.534,14.5,25.7,.169
63,College of Charleston,22,13,9,.591,2.42,-0.20,7,3,7,4,5,3,1573,1492,,67.8,105.5,.333,.388,.548,49.0,43.6,9.3,7.4,.506,14.6,25.1,.256
64,Colorado State,23,15,8,.652,7.45,4.32,6,4,9,3,3,4,1738,1644,,69.8,106.0,.377,.393,.567,51.3,58.6,9.6,5.1,.541,16.4,25.1,.255
65,Colorado,21,16,5,.762,17.12,7.41,5,3,10,2,2,3,1510,1306,,69.1,103.4,.389,.370,.546,54.4,57.2,9.2,8.2,.504,17.5,31.7,.287
66,Columbia,18,6,12,.333,-9.09,-4.97,1,1,5,1,0,10,1203,1243,,70.0,94.8,.240,.406,.505,49.1,51.5,7.7,9.5,.477,15.8,21.9,.171
67,Connecticut,20,11,9,.550,9.50,3.45,2,5,9,3,0,4,1423,1302,,68.9,100.1,.342,.352,.512,51.3,52.4,9.2,17.0,.471,16.7,32.4,.248
68,Coppin State,22,6,16,.273,-13.03,-4.76,2,5,3,4,3,12,1487,1669,,75.0,89.6,.304,.478,.478,47.3,40.4,8.9,7.0,.452,16.7,24.3,.189
69,Cornell,15,4,11,.267,-9.33,-2.94,1,1,4,2,0,9,1002,1016,,66.7,99.3,.267,.417,.511,49.7,60.7,10.0,8.6,.483,15.1,28.4,.186
70,Creighton,21,16,5,.762,14.48,7.33,5,3,12,1,3,3,1629,1449,,70.3,109.8,.317,.420,.570,49.0,54.2,9.1,5.7,.540,14.0,24.2,.232
71,Dartmouth,17,7,10,.412,-4.47,-3.66,0,2,3,3,3,6,1137,1101,,67.8,97.3,.282,.415,.527,51.3,51.8,6.9,7.5,.505,16.5,21.7,.185
72,Davidson,20,10,10,.500,6.45,2.95,4,4,6,1,3,5,1435,1365,,65.5,106.2,.275,.451,.553,49.0,51.7,8.7,7.7,.521,14.5,24.3,.209
73,Dayton,21,19,2,.905,20.11,3.49,8,0,11,0,5,0,1737,1388,,69.3,117.2,.305,.398,.623,52.3,61.0,9.0,9.9,.603,16.4,27.8,.221
74,Delaware State,19,2,17,.105,-22.76,-5.47,1,4,2,7,0,9,1333,1592,,77.0,91.1,.328,.389,.491,46.1,43.3,9.8,5.3,.455,18.4,25.8,.224
75,Delaware,22,15,7,.682,-2.33,-4.42,5,4,6,2,5,4,1625,1535,,69.0,106.3,.282,.381,.577,50.0,48.1,7.9,9.1,.548,16.7,22.9,.211
76,Denver,23,5,18,.217,-10.65,-1.93,1,8,4,7,0,10,1566,1741,,71.4,94.8,.382,.282,.524,48.0,44.8,8.1,6.8,.489,17.4,19.5,.262
77,DePaul,21,13,8,.619,9.97,5.97,1,7,9,5,4,3,1546,1437,,72.3,100.6,.362,.315,.528,51.3,52.7,11.9,16.4,.499,17.8,31.5,.239
78,Detroit Mercy,22,6,16,.273,-8.61,-0.79,4,5,4,4,1,11,1519,1691,,70.9,97.4,.307,.460,.506,49.1,47.3,8.3,9.3,.458,16.7,29.5,.244
79,Drake,22,15,7,.682,1.25,-0.75,5,4,11,0,2,6,1543,1440,,69.0,101.6,.275,.391,.553,51.8,61.3,8.4,10.7,.529,17.2,23.7,.193
80,Drexel,22,12,10,.545,-4.11,-1.97,5,4,9,2,1,8,1511,1523,,68.8,99.2,.312,.376,.535,52.3,58.6,8.5,7.3,.504,19.7,31.5,.221
81,Duke,20,17,3,.850,25.80,7.15,7,2,10,2,4,1,1654,1281,,72.5,113.3,.331,.324,.567,55.1,54.1,12.3,14.9,.544,15.4,36.6,.223
82,Duquesne,20,15,5,.750,7.31,-0.15,5,3,8,1,2,2,1413,1264,,67.9,103.4,.325,.424,.544,51.4,55.3,10.3,16.1,.509,16.6,29.2,.238
83,East Carolina,21,9,12,.429,-3.20,-0.82,3,5,8,4,0,6,1446,1496,,71.1,96.9,.389,.348,.511,51.0,59.0,9.2,10.0,.467,16.9,28.6,.277
84,East Tennessee State,22,18,4,.818,6.70,-1.04,7,2,12,1,6,3,1673,1372,,68.8,110.6,.369,.395,.559,53.2,51.9,13.0,11.8,.533,15.1,33.4,.248
85,Eastern Illinois,21,11,10,.524,-4.48,-7.48,4,5,7,0,3,9,1585,1435,,71.9,105.0,.320,.315,.539,51.4,49.7,10.9,12.1,.512,15.5,30.6,.218
86,Eastern Kentucky,22,10,12,.455,-11.82,-3.97,7,2,7,3,3,7,1662,1697,,76.9,98.3,.309,.412,.512,45.1,48.5,12.3,5.7,.475,16.1,26.5,.224
87,Eastern Michigan,20,10,10,.500,-5.75,1.00,0,7,6,3,2,7,1301,1267,,69.6,93.5,.426,.385,.504,49.3,45.1,15.7,11.6,.470,19.4,28.1,.272
88,Eastern Washington,19,13,6,.684,-0.03,-0.62,6,2,8,1,5,5,1585,1436,,76.3,107.9,.291,.407,.556,50.2,58.1,10.1,10.0,.535,14.9,27.8,.195
89,Elon,23,6,17,.261,-10.64,-1.49,2,8,6,7,0,10,1568,1673,,68.6,98.8,.267,.479,.521,48.7,57.5,7.3,5.7,.490,15.5,23.6,.194
90,Evansville,22,9,13,.409,-7.66,-0.76,0,9,5,5,3,6,1523,1650,,69.0,97.6,.342,.431,.532,47.1,51.7,6.5,5.3,.496,16.9,20.9,.246
91,Fairfield,19,8,11,.421,-6.71,-4.40,4,4,3,4,4,5,1163,1207,,64.3,93.3,.317,.299,.497,52.6,44.5,8.1,8.9,.462,18.6,30.1,.220
92,Fairleigh Dickinson,20,5,15,.250,-12.83,-4.20,3,6,3,3,2,12,1391,1506,,68.6,100.2,.279,.347,.525,47.0,42.7,8.7,9.6,.494,16.3,27.4,.200
93,Florida A&M,19,6,13,.316,-12.03,-2.13,4,4,3,0,3,11,1224,1412,,71.4,89.7,.338,.227,.475,47.1,39.8,10.5,5.1,.444,18.5,29.1,.215
94,Florida Atlantic,22,13,9,.591,-2.08,-2.19,5,4,11,2,2,7,1568,1501,,69.9,100.9,.281,.430,.527,52.0,48.2,9.9,5.9,.500,16.5,29.5,.195
95,Florida Gulf Coast,23,7,16,.304,-11.23,-3.33,4,4,5,7,2,9,1423,1553,,68.0,90.1,.248,.417,.495,49.0,57.3,9.2,11.7,.468,20.6,29.0,.171
96,Florida International,22,14,8,.636,-0.75,-2.80,5,4,9,1,4,6,1746,1626,,75.8,104.1,.311,.429,.558,47.0,54.5,12.3,16.2,.536,17.6,27.2,.207
97,Florida State,20,17,3,.850,15.82,5.27,7,2,10,0,4,3,1500,1289,,69.4,106.8,.296,.362,.557,49.9,50.0,13.9,17.3,.522,16.4,31.3,.227
98,Florida,20,12,8,.600,14.42,8.42,4,3,7,3,1,4,1464,1344,,67.8,106.7,.360,.355,.546,52.4,45.2,9.0,11.2,.509,15.1,32.1,.259
99,Fordham,20,7,13,.350,-5.09,-2.74,1,7,6,7,0,4,1166,1213,,64.5,88.7,.284,.416,.471,47.1,55.7,11.6,9.7,.448,17.0,24.0,.174
100,Fresno State,21,7,14,.333,1.77,3.47,3,7,4,5,3,8,1433,1422,,64.9,102.7,.298,.478,.523,52.3,50.2,7.9,11.2,.490,16.3,31.6,.213
101,Furman,23,18,5,.783,7.09,-1.41,8,2,10,1,7,4,1788,1526,,69.7,110.2,.279,.465,.580,48.7,54.0,11.5,8.3,.559,15.0,24.6,.195
102,Gardner-Webb,20,8,12,.400,-7.61,-3.05,4,4,3,4,3,8,1406,1450,,67.8,100.0,.357,.386,.524,49.6,55.9,9.0,13.0,.490,16.5,28.2,.245
103,George Mason,21,13,8,.619,0.85,0.33,2,6,9,4,1,4,1433,1422,,67.8,100.0,.331,.342,.505,51.4,45.2,9.6,13.9,.468,15.5,32.1,.233
104,George Washington,21,10,11,.476,-1.87,-2.10,4,4,7,5,1,5,1453,1448,,66.7,101.3,.325,.422,.533,48.7,52.2,7.9,11.0,.498,15.4,24.5,.236
105,Georgetown,21,12,9,.571,11.97,7.73,2,6,9,4,2,4,1623,1534,,72.8,106.1,.346,.289,.542,53.7,56.8,8.8,12.8,.500,16.2,33.7,.263
106,Georgia Southern,22,13,9,.591,0.93,-1.13,7,4,9,1,3,7,1683,1558,,73.8,103.7,.329,.429,.533,48.0,46.9,11.2,11.8,.503,14.9,26.8,.228
107,Georgia State,22,15,7,.682,5.55,0.90,8,3,9,0,5,7,1739,1547,,74.0,105.5,.310,.367,.546,49.7,52.8,11.7,11.5,.515,16.5,32.2,.222
108,Georgia Tech,21,10,11,.476,8.80,8.95,4,6,5,6,4,4,1423,1398,,71.3,93.9,.318,.305,.520,50.6,53.5,10.3,12.2,.493,20.1,27.7,.211
109,Georgia,20,11,9,.550,8.14,6.56,1,6,9,2,2,5,1527,1494,,72.6,103.9,.339,.369,.535,51.5,51.0,10.3,8.5,.505,17.1,33.3,.232
110,Gonzaga,23,22,1,.957,23.41,1.19,8,0,13,0,7,0,2044,1533,,73.4,120.4,.385,.332,.593,56.7,55.5,10.7,10.7,.571,12.7,34.4,.259
111,Grambling,20,9,11,.450,-12.69,-4.75,3,4,6,2,3,8,1454,1416,,73.3,99.1,.331,.278,.522,53.1,48.4,10.0,11.2,.493,17.3,30.7,.221
112,Grand Canyon,21,9,12,.429,-4.99,-2.84,4,3,5,6,3,3,1453,1505,,68.4,100.6,.340,.326,.534,48.7,47.8,7.3,3.7,.491,15.4,23.4,.259
113,Green Bay,22,10,12,.455,-5.93,-1.58,5,4,6,4,4,8,1802,1776,,75.6,107.7,.288,.343,.559,47.6,57.9,9.7,7.9,.527,14.6,25.7,.217
114,Hampton,20,9,11,.450,-13.36,-3.24,4,3,8,3,1,8,1564,1601,,73.3,106.1,.418,.303,.547,48.9,54.2,7.5,11.3,.514,15.3,29.5,.283
115,Hartford,22,12,10,.545,-7.68,-5.73,5,2,7,5,5,5,1465,1482,,70.3,94.7,.309,.407,.519,46.7,55.3,10.9,7.1,.487,17.9,21.7,.216
116,Harvard,17,13,4,.765,3.98,-1.03,2,0,6,0,6,1,1250,1113,,69.8,104.5,.349,.381,.559,53.1,46.5,9.9,14.2,.527,18.3,30.3,.250
117,Hawaii,19,13,6,.684,1.78,-0.50,4,1,12,3,1,3,1346,1288,,69.9,101.4,.332,.391,.538,51.6,58.0,7.5,5.9,.507,17.1,28.8,.230
118,High Point,22,6,16,.273,-17.57,-3.47,3,6,3,7,3,9,1425,1664,,67.6,94.8,.387,.372,.498,52.2,55.5,7.3,11.8,.451,18.8,33.8,.276
119,Hofstra,23,16,7,.696,0.38,-4.39,7,3,6,3,8,4,1757,1610,,70.5,108.3,.330,.364,.550,50.4,45.8,10.0,4.8,.509,14.4,29.9,.255
120,Holy Cross,22,3,19,.136,-16.79,-3.65,2,7,2,7,0,11,1492,1771,,69.0,96.6,.248,.384,.527,48.2,49.3,6.8,6.7,.506,18.5,26.0,.165
121,Houston Baptist,18,1,17,.056,-18.92,-0.58,1,8,1,5,0,11,1475,1805,,79.6,102.2,.374,.340,.538,48.4,45.5,6.7,4.6,.500,17.6,32.1,.269
122,Houston,21,17,4,.810,14.85,4.27,7,1,9,2,5,2,1556,1334,,67.9,109.1,.371,.329,.527,56.8,51.5,7.3,16.2,.487,14.6,38.8,.265
123,Howard,22,2,20,.091,-21.27,-4.62,0,7,1,10,1,9,1533,1811,,71.7,96.1,.301,.359,.503,45.0,51.8,8.4,7.9,.470,16.1,26.7,.208
124,Idaho State,19,6,13,.316,-8.45,-1.16,3,7,4,5,2,8,1297,1330,,66.9,100.8,.359,.352,.537,52.0,51.7,7.1,6.0,.516,18.4,31.4,.227
125,Idaho,19,5,14,.263,-10.64,-2.23,1,7,4,6,0,7,1249,1336,,69.8,93.6,.295,.264,.507,50.1,49.0,8.0,6.9,.478,17.2,23.7,.200
126,Illinois-Chicago,23,10,13,.435,-6.03,-2.53,5,5,6,5,3,8,1567,1641,,70.0,96.8,.286,.403,.533,49.5,58.6,7.8,11.0,.508,19.8,26.8,.196
127,Illinois State,21,7,14,.333,-2.50,2.15,2,7,7,4,0,7,1388,1462,,68.5,96.5,.240,.392,.519,48.8,51.0,8.2,7.4,.498,17.8,26.4,.161
128,Illinois,21,16,5,.762,16.24,7.54,8,2,12,1,4,3,1567,1341,,68.6,108.1,.348,.295,.542,56.8,51.1,6.7,7.7,.504,15.7,36.9,.256
129,Incarnate Word,20,5,15,.250,-20.86,-6.03,2,7,4,6,1,9,1310,1476,,70.1,92.9,.297,.342,.495,47.1,52.9,10.1,6.6,.458,18.4,28.8,.213
130,Indiana State,20,12,8,.600,3.74,2.01,5,4,9,0,1,6,1390,1350,,66.9,103.2,.346,.346,.552,49.8,52.4,8.8,9.8,.523,15.8,24.1,.238
131,Indiana,21,15,6,.714,14.93,7.93,5,5,12,2,1,4,1543,1396,,69.5,105.1,.424,.295,.535,55.9,51.5,8.1,13.1,.498,16.3,34.4,.289
132,Iona,15,5,10,.333,-9.40,-4.66,3,5,2,4,1,5,1040,1111,,70.2,97.2,.312,.460,.535,48.3,54.4,11.4,11.1,.499,19.1,25.2,.229
133,Iowa State,20,9,11,.450,10.73,7.88,2,5,8,4,0,5,1501,1444,,71.7,104.1,.282,.394,.536,49.1,56.5,10.7,11.5,.504,15.1,28.9,.207
134,Iowa,21,15,6,.714,17.06,8.30,6,4,10,1,3,3,1663,1479,,71.2,111.2,.348,.373,.552,53.0,64.5,8.8,10.5,.514,14.3,33.2,.258
135,Purdue-Fort Wayne,23,10,13,.435,-8.24,-2.94,3,5,8,3,2,10,1606,1631,,69.6,100.4,.233,.439,.526,52.1,49.2,9.9,8.5,.505,17.3,30.0,.157
136,IUPUI,23,6,17,.261,-14.22,-3.22,2,8,3,6,3,9,1590,1784,,71.8,95.7,.323,.380,.502,48.7,54.2,9.2,7.3,.476,17.6,29.6,.207
137,Jackson State,20,6,14,.300,-13.49,-2.77,3,4,4,3,2,11,1313,1441,,71.3,92.1,.297,.314,.482,46.1,47.1,11.9,11.1,.448,16.0,25.8,.203
138,Jacksonville State,22,9,13,.409,-7.52,-5.27,4,5,5,5,3,7,1597,1508,,71.0,101.6,.282,.378,.535,52.2,52.5,9.2,7.2,.511,17.5,29.7,.193
139,Jacksonville,23,10,13,.435,-6.10,-5.14,3,5,4,5,5,6,1517,1505,,67.7,95.9,.315,.381,.509,52.4,48.0,7.4,6.3,.480,17.8,27.9,.209
140,James Madison,21,8,13,.381,-8.86,-2.56,1,9,5,6,3,7,1546,1624,,74.6,98.7,.390,.416,.513,50.2,50.0,8.0,9.1,.482,15.6,26.0,.252
141,Kansas State,20,9,11,.450,8.70,6.55,2,5,8,3,1,4,1311,1268,,67.7,96.2,.335,.400,.511,49.1,58.8,12.7,8.2,.483,18.3,29.5,.220
142,Kansas,20,17,3,.850,25.90,11.12,6,1,8,1,6,1,1519,1208,,68.6,110.1,.351,.343,.570,54.4,53.6,11.7,14.6,.549,16.3,32.3,.232
143,Kennesaw State,21,1,20,.048,-22.26,-2.02,0,8,1,6,0,12,1183,1608,,69.4,81.1,.343,.301,.441,47.1,41.2,7.5,5.4,.392,19.7,27.7,.241
144,Kent State,21,15,6,.714,5.25,-1.44,5,3,9,1,5,3,1644,1448,,70.8,109.3,.274,.409,.560,50.3,50.3,10.4,12.3,.531,14.6,29.9,.202
145,Kentucky,20,16,4,.800,15.45,5.00,6,1,12,1,3,1,1509,1300,,69.9,106.6,.419,.263,.556,54.5,55.6,7.5,13.7,.505,16.1,31.5,.324
146,La Salle,20,10,10,.500,0.17,1.32,1,7,5,5,2,5,1378,1401,,70.6,95.8,.312,.414,.515,49.9,54.4,11.1,10.1,.488,18.8,29.2,.207
147,Lafayette,20,13,7,.650,-3.77,-5.56,5,4,6,3,7,4,1461,1387,,68.1,107.3,.232,.454,.581,50.6,61.2,6.5,10.1,.558,16.7,22.8,.173
148,Lamar,21,10,11,.476,-8.06,-5.11,4,6,6,4,4,7,1485,1430,,71.7,97.4,.331,.288,.514,49.3,50.6,13.4,13.9,.482,18.8,32.1,.225
149,Lehigh,21,5,16,.238,-11.72,-2.35,2,7,4,4,1,12,1422,1544,,70.1,96.1,.251,.285,.522,49.8,46.7,8.1,7.5,.491,17.8,25.7,.186
150,Liberty,23,20,3,.870,6.45,-6.17,6,2,10,0,4,3,1564,1194,,61.4,110.8,.308,.404,.574,53.4,52.6,9.1,9.6,.549,13.9,25.3,.217
151,Lipscomb,21,8,13,.381,-8.74,-3.53,3,5,5,4,3,9,1499,1525,,70.4,100.8,.289,.371,.528,48.6,51.4,7.9,7.1,.501,16.2,27.1,.198
152,Cal State Long Beach,22,7,15,.318,-8.63,3.12,2,4,5,4,1,9,1497,1685,,73.3,92.8,.322,.304,.523,47.3,44.8,8.5,10.9,.492,20.8,26.0,.221
153,Long Island University,21,10,11,.476,-7.05,-5.10,5,3,5,3,4,7,1639,1637,,75.0,102.3,.324,.487,.560,45.7,54.3,9.1,8.1,.532,16.9,21.1,.229
154,Longwood,22,7,15,.318,-13.58,-8.53,2,7,4,5,3,10,1485,1539,,70.0,94.9,.345,.481,.518,48.9,46.1,9.8,6.2,.477,18.5,24.1,.252
155,Louisiana,22,9,13,.409,-5.50,-0.50,4,7,6,5,2,7,1550,1627,,71.8,97.5,.352,.395,.513,50.0,45.4,8.7,8.2,.471,17.3,29.9,.255
156,Louisiana-Monroe,20,6,14,.300,-8.16,0.12,2,9,6,5,0,9,1251,1354,,66.1,94.0,.346,.332,.510,48.3,49.3,7.2,9.4,.478,18.5,26.5,.233
157,Louisiana State,20,16,4,.800,15.52,5.37,7,0,11,1,4,1,1602,1399,,71.0,112.2,.333,.330,.570,55.7,46.3,9.3,11.8,.531,16.4,37.2,.258
158,Louisiana Tech,21,16,5,.762,8.12,-2.98,7,2,10,1,6,4,1579,1282,,69.0,109.0,.287,.403,.559,52.4,52.1,11.2,7.2,.541,15.5,30.6,.188
159,Louisville,21,18,3,.857,18.41,5.69,9,1,12,1,5,1,1582,1315,,67.2,110.8,.325,.364,.563,54.5,54.3,8.1,8.9,.533,15.6,32.8,.234
160,Loyola (IL),22,14,8,.636,7.04,-0.24,6,3,9,2,3,4,1522,1338,,66.5,103.5,.365,.307,.585,50.1,57.4,11.5,6.3,.562,18.2,19.4,.249
161,Loyola Marymount,22,8,14,.364,-1.77,2.80,2,6,7,5,0,7,1439,1492,,65.3,100.1,.326,.358,.543,49.7,49.7,9.5,7.4,.522,18.0,27.8,.210
162,Loyola (MD),22,9,13,.409,-11.37,-6.61,1,8,5,3,3,10,1603,1676,,71.1,101.3,.411,.376,.545,48.4,62.2,9.7,8.1,.524,16.9,25.1,.255
163,Maine,21,6,15,.286,-13.55,-2.90,2,5,4,4,1,11,1287,1460,,65.9,92.0,.274,.437,.503,50.1,64.9,9.9,9.9,.473,20.1,28.0,.192
164,Manhattan,17,8,9,.471,-7.40,-6.34,4,4,4,3,4,6,1084,1102,,67.9,92.6,.328,.427,.492,48.0,61.9,10.4,10.0,.465,17.4,26.2,.206
165,Marist,18,4,14,.222,-14.92,-7.09,3,6,2,6,2,8,1071,1212,,66.4,87.8,.303,.378,.466,48.4,43.3,10.1,10.3,.440,17.9,26.1,.185
166,Marquette,21,15,6,.714,15.33,7.09,5,4,10,1,3,4,1647,1474,,71.8,106.7,.400,.440,.557,52.8,53.7,7.1,11.8,.517,16.2,28.8,.293
167,Marshall,22,10,12,.455,1.98,0.64,4,5,6,6,3,6,1651,1587,,74.9,100.2,.285,.366,.528,49.3,47.9,12.1,14.9,.507,17.9,30.6,.187
168,Maryland-Baltimore County,22,9,13,.409,-10.96,-4.18,2,5,7,4,2,7,1518,1486,,69.0,99.5,.338,.396,.527,49.7,53.4,7.7,6.5,.508,16.9,26.5,.209
169,Maryland-Eastern Shore,21,2,19,.095,-22.62,-1.42,1,5,2,4,0,15,1142,1520,,69.1,78.2,.251,.401,.429,45.0,50.0,11.2,10.5,.403,19.9,24.5,.155
170,Maryland,21,17,4,.810,18.82,8.77,7,3,12,0,2,4,1518,1307,,68.4,105.6,.395,.417,.528,54.2,53.1,7.1,13.2,.482,15.0,34.0,.291
171,Massachusetts-Lowell,22,8,14,.364,-8.96,-5.01,2,5,5,7,3,7,1659,1699,,72.0,102.9,.348,.355,.551,48.2,56.3,9.7,6.7,.518,16.7,26.5,.249
172,Massachusetts,21,9,12,.429,0.07,2.07,3,5,8,3,1,6,1482,1524,,70.5,98.9,.324,.410,.530,46.8,54.0,10.0,8.1,.500,17.1,25.5,.223
173,McNeese State,21,12,9,.571,-6.22,-4.58,7,3,9,2,3,7,1707,1524,,72.3,111.7,.346,.377,.615,52.8,56.9,9.7,12.2,.593,20.0,32.0,.247
174,Memphis,20,15,5,.750,13.05,2.95,4,3,10,2,4,2,1474,1272,,74.0,99.5,.375,.331,.539,53.7,55.6,11.3,17.0,.509,19.9,32.4,.252
175,Mercer,22,11,11,.500,-4.72,-3.12,5,4,6,4,5,5,1597,1570,,71.2,102.0,.279,.346,.549,52.9,52.0,9.5,8.0,.520,18.6,31.1,.203
176,Merrimack,22,14,8,.636,-7.53,-5.43,8,1,6,2,7,5,1387,1337,,64.8,96.2,.263,.428,.514,44.2,53.4,16.0,7.2,.485,16.4,23.7,.185
177,Miami (FL),20,11,9,.550,5.66,8.41,3,7,6,3,3,4,1434,1489,,69.3,102.2,.276,.356,.536,46.5,39.6,8.3,8.9,.504,15.4,24.6,.205
178,Miami (OH),20,9,11,.450,-4.47,-0.75,2,5,7,4,1,5,1492,1457,,70.6,105.7,.257,.411,.541,49.3,48.4,7.3,7.7,.512,14.7,27.0,.191
179,Michigan State,21,16,5,.762,22.86,8.24,8,2,10,1,3,2,1621,1314,,69.7,110.6,.333,.369,.562,56.4,68.8,7.4,14.0,.525,15.6,34.7,.251
180,Michigan,20,12,8,.600,16.21,9.06,3,6,8,3,1,5,1534,1391,,70.1,107.3,.250,.394,.559,50.5,52.8,8.0,10.3,.537,14.2,25.6,.177
181,Middle Tennessee,22,5,17,.227,-9.62,2.01,1,8,4,6,1,8,1571,1672,,72.3,98.2,.318,.401,.516,49.3,51.6,9.5,8.9,.488,16.7,27.7,.213
182,Milwaukee,21,10,11,.476,-6.73,-2.94,5,4,7,3,2,6,1520,1532,,71.1,99.5,.305,.379,.498,49.6,46.4,8.2,9.4,.465,15.4,31.6,.210
183,Minnesota,21,11,10,.524,15.27,11.18,5,6,9,2,1,7,1474,1388,,67.1,103.4,.289,.415,.519,52.0,58.9,7.5,11.8,.486,15.2,31.7,.208
184,Mississippi State,20,13,7,.650,13.75,5.90,4,3,9,2,2,3,1460,1303,,66.7,109.4,.369,.297,.552,56.1,51.5,9.1,14.3,.512,17.6,40.0,.273
185,Mississippi Valley State,19,1,18,.053,-30.08,-3.87,1,6,0,3,1,15,1261,1759,,79.4,83.6,.208,.405,.441,41.6,40.0,8.1,6.8,.418,15.8,22.6,.134
186,Mississippi,20,10,10,.500,5.53,4.53,1,6,7,4,1,5,1376,1356,,68.8,98.8,.365,.355,.525,49.9,57.0,10.6,7.7,.487,17.1,26.7,.258
187,Missouri-Kansas City,22,11,11,.500,-5.67,-0.20,3,4,7,2,2,7,1569,1489,,68.4,101.9,.288,.349,.544,48.3,52.2,11.6,9.6,.522,17.0,25.7,.193
188,Missouri State,22,10,12,.455,0.27,0.37,4,5,7,3,2,7,1477,1479,,68.2,98.5,.287,.343,.522,53.4,46.7,8.7,8.0,.486,18.0,30.3,.215
189,Missouri,20,10,10,.500,8.51,4.56,2,5,8,3,1,5,1331,1252,,66.8,99.0,.335,.429,.525,50.7,51.7,11.0,9.1,.479,18.4,30.1,.259
190,Monmouth,20,12,8,.600,-5.26,-4.61,6,3,7,0,4,7,1398,1411,,71.8,97.4,.335,.358,.514,47.1,55.3,11.0,7.8,.474,16.3,24.6,.246
191,Montana State,20,11,9,.550,-3.94,-1.94,5,4,5,3,4,6,1351,1318,,69.0,97.9,.342,.343,.541,51.0,46.9,8.6,6.1,.500,18.3,22.0,.257
192,Montana,21,11,10,.524,-1.18,0.08,7,3,8,1,3,9,1455,1467,,70.6,97.0,.262,.277,.529,47.5,45.3,8.7,9.9,.501,16.2,20.7,.187
193,Morehead State,22,10,12,.455,-10.68,-6.58,4,5,9,2,1,10,1538,1516,,69.2,99.9,.295,.323,.513,50.7,53.2,9.4,12.4,.490,15.5,29.1,.190
194,Morgan State,23,11,12,.478,-12.49,-6.84,5,3,6,3,5,6,1623,1649,,71.6,97.0,.373,.322,.506,52.0,45.6,7.6,11.8,.465,18.7,34.3,.261
195,Mount St. Mary's,21,9,12,.429,-7.16,-5.76,5,3,7,3,2,9,1345,1356,,64.8,97.0,.323,.387,.492,51.0,46.9,7.9,9.8,.457,15.4,30.0,.221
196,Murray State,21,16,5,.762,1.74,-6.79,9,0,11,0,4,3,1633,1370,,69.4,110.8,.415,.326,.581,55.9,55.9,7.6,10.2,.547,16.7,31.0,.297
197,Navy,20,12,8,.600,-4.94,-5.94,6,3,8,3,4,5,1285,1235,,62.0,101.7,.349,.407,.519,54.2,53.5,8.2,4.4,.484,16.9,33.9,.243
198,Omaha,22,12,10,.545,-4.14,-0.10,5,2,10,0,2,9,1610,1676,,70.5,102.5,.275,.300,.533,49.9,46.0,7.1,8.9,.506,15.7,27.6,.193
199,Nebraska,21,7,14,.333,4.07,7.35,2,8,5,6,0,7,1514,1583,,72.0,97.9,.309,.408,.506,43.6,55.7,8.7,6.1,.488,13.5,21.5,.186
200,Nevada-Las Vegas,22,11,11,.500,4.98,3.11,6,3,9,5,2,5,1576,1535,,66.2,104.6,.365,.405,.534,56.1,51.4,8.2,9.5,.495,17.6,36.8,.262
201,Nevada,22,13,9,.591,8.83,4.69,6,4,9,2,1,6,1676,1585,,71.6,106.4,.281,.430,.556,50.9,56.8,7.0,10.6,.524,14.7,24.8,.211
202,New Hampshire,20,10,10,.500,-8.80,-6.08,3,4,7,2,3,8,1384,1315,,71.0,96.2,.258,.423,.503,55.0,53.5,6.8,6.1,.482,17.4,29.9,.166
203,New Mexico State,22,16,6,.727,2.95,-2.30,7,0,8,1,5,3,1558,1333,,65.8,107.0,.309,.470,.563,55.4,58.0,9.7,5.9,.538,18.3,33.4,.215
204,New Mexico,23,16,7,.696,3.07,0.80,5,5,13,1,2,5,1817,1746,,73.8,107.1,.417,.330,.576,50.5,55.2,10.7,8.4,.540,17.9,28.8,.299
205,New Orleans,21,6,15,.286,-13.39,-1.39,2,9,5,6,1,9,1593,1615,,73.6,103.1,.372,.273,.548,48.3,56.4,11.3,5.9,.503,16.9,28.7,.283
206,Niagara,19,6,13,.316,-10.43,-2.16,4,4,4,2,2,11,1265,1422,,67.4,98.1,.226,.370,.523,40.9,51.4,9.8,7.3,.495,14.4,19.0,.170
207,Nicholls State,22,14,8,.636,-3.71,-3.88,8,3,8,1,5,6,1683,1494,,73.8,102.5,.256,.379,.527,49.1,45.1,14.3,10.1,.495,16.3,31.4,.192
208,NJIT,21,7,14,.333,-10.22,-4.72,4,4,4,4,3,10,1356,1438,,67.2,96.1,.291,.342,.495,49.0,47.6,8.3,7.3,.465,14.8,25.8,.197
209,Norfolk State,21,10,11,.476,-6.56,-5.79,6,0,7,2,2,8,1474,1357,,69.3,100.6,.327,.389,.524,51.8,53.3,11.1,6.3,.490,17.6,31.8,.232
210,North Alabama,21,10,11,.476,-8.30,-4.93,5,3,7,2,3,9,1434,1439,,70.7,96.5,.390,.380,.527,50.2,47.5,9.1,6.6,.489,19.1,27.0,.272
211,North Carolina-Asheville,20,9,11,.450,-8.52,-7.47,3,6,5,5,4,6,1527,1480,,72.1,105.2,.290,.397,.545,45.7,40.5,12.3,6.0,.526,14.4,25.5,.189
212,North Carolina A&T,22,10,12,.455,-9.63,-4.44,6,1,6,1,3,9,1553,1600,,74.8,93.3,.392,.318,.495,48.4,54.4,11.0,10.2,.467,17.7,28.1,.241
213,North Carolina Central,20,8,12,.400,-11.29,-5.05,4,2,6,0,2,12,1348,1304,,70.3,95.3,.325,.330,.527,48.7,52.9,13.4,9.1,.500,20.3,29.3,.216
214,North Carolina-Greensboro,22,17,5,.773,7.90,-1.00,7,2,10,3,7,2,1614,1306,,68.5,105.9,.244,.431,.518,52.6,45.4,14.2,13.4,.500,14.2,34.4,.156
215,North Carolina State,21,14,7,.667,11.08,4.70,5,5,11,2,3,4,1570,1436,,70.0,106.2,.279,.362,.534,49.7,48.8,10.7,12.2,.506,13.9,29.0,.197
216,North Carolina-Wilmington,23,7,16,.304,-10.32,-0.27,2,8,5,6,1,9,1603,1668,,69.9,98.6,.310,.347,.524,48.1,49.9,8.7,8.2,.492,16.4,25.3,.218
217,North Carolina,20,10,10,.500,8.83,8.03,3,6,5,5,2,4,1431,1415,,70.4,99.7,.332,.300,.492,56.1,56.5,8.0,11.2,.461,15.3,35.4,.217
218,North Dakota State,22,15,7,.682,0.55,-3.85,6,2,9,1,5,5,1609,1427,,67.6,108.3,.310,.461,.561,52.7,48.7,7.5,6.1,.522,13.4,23.3,.242
219,North Dakota,23,10,13,.435,-6.60,-1.30,4,5,6,1,3,11,1738,1695,,71.0,106.4,.347,.402,.571,52.8,50.8,6.5,5.6,.530,17.3,27.6,.270
220,North Florida,23,13,10,.565,-1.81,-0.90,6,2,8,1,4,8,1779,1714,,70.7,109.3,.258,.526,.568,49.3,57.2,7.1,7.4,.540,16.0,28.9,.196
221,North Texas,22,14,8,.636,8.79,2.54,8,1,10,2,4,4,1567,1365,,65.9,108.1,.303,.406,.584,53.0,49.6,10.6,8.2,.555,18.6,30.6,.225
222,Northeastern,22,11,11,.500,2.32,-3.59,5,5,4,5,6,4,1596,1466,,66.5,108.4,.252,.405,.588,50.7,50.3,11.5,5.1,.559,16.5,23.3,.199
223,Northern Arizona,18,11,7,.611,-2.70,-1.39,5,4,6,2,4,5,1301,1212,,68.4,105.7,.302,.356,.548,51.2,52.3,10.2,6.2,.521,15.8,28.6,.211
224,Northern Colorado,20,13,7,.650,4.41,-2.48,6,3,8,1,3,5,1486,1251,,66.7,110.1,.285,.478,.556,51.6,49.2,8.1,5.7,.534,13.2,26.3,.195
225,Northern Illinois,21,12,9,.571,-2.31,-2.86,5,3,7,3,5,6,1410,1351,,67.4,99.7,.284,.372,.500,53.5,43.0,8.4,8.1,.471,15.5,32.1,.192
226,Northern Iowa,21,18,3,.857,11.94,2.73,7,2,12,0,5,2,1622,1366,,66.7,114.4,.282,.438,.603,55.4,45.0,6.7,5.6,.576,16.8,30.2,.216
227,Northern Kentucky,21,14,7,.667,1.32,-3.42,6,3,8,2,6,5,1550,1380,,69.1,105.6,.324,.461,.550,49.9,55.6,11.5,5.4,.524,16.9,30.0,.221
228,Northwestern State,19,8,11,.421,-12.58,-5.08,5,5,5,3,3,8,1380,1426,,74.4,97.0,.321,.381,.531,51.4,51.4,7.4,12.5,.494,20.5,30.5,.236
229,Northwestern,20,6,14,.300,5.58,8.23,1,9,4,7,1,6,1310,1363,,66.9,97.9,.273,.347,.511,48.5,57.6,6.7,7.9,.474,14.8,23.8,.206
230,Notre Dame,20,12,8,.600,10.91,2.96,3,6,10,3,2,4,1532,1373,,70.0,108.7,.259,.452,.535,50.1,64.2,8.7,10.1,.506,12.0,28.7,.189
231,Oakland,22,7,15,.318,-6.67,-1.10,2,7,3,5,2,8,1424,1513,,67.1,95.4,.364,.372,.508,50.0,59.7,9.1,9.2,.472,18.3,28.9,.248
232,Ohio State,20,13,7,.650,18.95,7.35,3,6,9,2,2,4,1461,1229,,67.7,107.9,.380,.421,.569,54.2,57.3,6.9,11.1,.535,17.5,31.4,.274
233,Ohio,21,10,11,.476,-2.31,-0.21,2,6,6,5,3,4,1497,1460,,68.5,104.0,.278,.421,.544,51.4,56.7,8.8,7.1,.524,16.6,29.4,.184
234,Oklahoma State,20,10,10,.500,10.37,8.82,0,7,5,6,3,3,1332,1301,,69.1,96.3,.320,.366,.500,49.9,50.3,10.6,12.6,.461,16.3,28.3,.230
235,Oklahoma,20,13,7,.650,11.35,8.20,3,4,8,1,2,5,1418,1355,,70.4,100.7,.311,.381,.521,48.8,47.9,9.1,11.3,.480,13.5,22.0,.236
236,Old Dominion,22,9,13,.409,0.15,0.24,5,4,7,3,2,7,1398,1400,,67.2,94.6,.262,.316,.477,53.6,41.5,10.8,11.0,.445,15.6,31.1,.183
237,Oral Roberts,21,11,10,.524,1.67,0.37,4,4,8,1,3,9,1651,1510,,71.2,110.5,.296,.392,.537,53.2,44.6,8.8,6.3,.502,13.1,34.2,.220
238,Oregon State,21,13,8,.619,8.98,3.08,3,6,8,3,3,4,1557,1433,,68.0,109.0,.408,.327,.564,49.9,57.3,9.5,15.6,.523,14.8,27.2,.301
239,Oregon,22,18,4,.818,18.14,8.19,7,2,12,0,4,2,1707,1488,,67.0,112.0,.310,.360,.571,51.6,51.6,11.4,9.4,.548,15.3,32.9,.214
240,Pacific,24,16,8,.667,2.56,-0.63,4,4,11,3,4,4,1685,1555,,65.5,103.4,.351,.291,.530,56.5,48.2,8.5,11.9,.503,16.0,34.1,.231
241,Penn State,20,15,5,.750,16.66,6.51,5,4,11,1,2,3,1539,1336,,72.5,106.1,.319,.394,.535,50.9,51.6,12.0,14.5,.506,14.1,29.8,.220
242,Pennsylvania,15,8,7,.533,0.80,1.52,0,2,3,2,3,4,1142,1104,,73.9,103.0,.242,.452,.548,49.4,54.5,7.8,7.6,.531,16.2,24.4,.162
243,Pepperdine,22,11,11,.500,1.52,2.52,4,4,7,3,4,5,1698,1720,,72.5,105.9,.339,.383,.552,48.6,58.0,8.7,9.2,.504,15.5,27.2,.274
244,Pittsburgh,21,13,8,.619,8.97,5.45,4,6,9,4,2,4,1395,1321,,65.5,100.9,.362,.319,.508,49.2,53.5,11.4,10.8,.465,15.8,32.9,.261
245,Portland State,23,11,12,.478,-2.73,-1.97,5,6,7,2,3,10,1786,1724,,72.0,107.9,.296,.292,.523,52.3,46.4,11.3,10.4,.492,14.9,38.6,.208
246,Portland,23,9,14,.391,-5.30,0.55,1,7,7,5,2,5,1563,1614,,70.2,96.8,.346,.353,.534,46.8,57.8,7.9,10.6,.507,17.8,22.0,.231
247,Prairie View,20,10,10,.500,-4.21,-2.93,6,1,6,0,3,9,1442,1412,,73.8,97.2,.387,.246,.521,48.8,53.0,12.3,7.2,.483,18.1,28.5,.268
248,Presbyterian,22,8,14,.364,-14.70,-5.60,5,4,5,4,3,8,1459,1588,,67.5,97.7,.326,.358,.535,50.1,51.8,9.1,6.9,.503,19.5,27.2,.230
249,Princeton,15,7,8,.467,-3.41,-0.83,2,0,3,4,2,3,1093,1083,,68.2,105.9,.304,.420,.560,52.2,50.9,9.0,5.6,.533,17.3,29.9,.215
250,Providence,21,11,10,.524,9.86,5.77,4,4,8,3,2,4,1487,1401,,70.0,100.5,.342,.365,.494,51.3,60.1,12.6,10.3,.458,15.6,34.1,.232
251,Purdue,21,11,10,.524,15.58,8.58,4,6,9,2,1,6,1417,1270,,64.2,102.0,.251,.359,.499,53.4,53.9,10.0,11.7,.475,14.7,35.7,.167
252,Quinnipiac,18,10,8,.556,-6.19,-6.75,5,3,7,2,2,5,1268,1258,,68.7,102.6,.311,.507,.544,50.8,59.2,6.8,9.2,.503,16.7,27.8,.243
253,Radford,21,12,9,.571,-1.96,-2.64,7,2,6,2,5,6,1466,1357,,65.2,107.0,.314,.388,.535,51.6,49.9,8.6,7.7,.513,14.0,30.8,.203
254,Rhode Island,20,15,5,.750,10.53,4.63,7,1,9,1,5,3,1484,1366,,72.7,101.5,.349,.282,.509,50.5,47.9,12.1,10.6,.474,14.3,30.7,.238
255,Rice,22,9,13,.409,-6.17,-0.17,1,8,5,5,2,7,1603,1665,,72.4,100.7,.329,.498,.538,49.1,55.3,8.3,6.2,.507,17.0,24.9,.231
256,Richmond,21,15,6,.714,9.15,3.15,5,3,9,2,5,2,1592,1466,,69.7,107.6,.265,.381,.574,47.5,55.5,11.4,7.6,.539,14.6,21.2,.213
257,Rider,19,11,8,.579,-4.09,-5.20,5,4,5,1,4,7,1385,1364,,72.1,101.0,.415,.332,.520,53.8,53.0,9.2,7.8,.484,16.7,32.4,.278
258,Robert Morris,22,11,11,.500,-5.30,-4.96,7,2,6,2,4,9,1524,1491,,68.6,100.9,.231,.395,.524,49.9,63.6,9.2,4.9,.506,16.8,29.9,.152
259,Rutgers,21,16,5,.762,16.21,7.11,7,3,15,0,1,4,1503,1276,,68.9,103.9,.324,.306,.530,54.6,51.3,10.1,13.5,.507,16.2,33.2,.209
260,Sacramento State,18,11,7,.611,-2.33,-1.77,4,5,8,0,2,7,1095,1019,,64.1,94.9,.337,.267,.488,53.5,54.8,10.3,11.3,.443,17.4,33.2,.245
261,Sacred Heart,22,13,9,.591,-5.38,-8.10,6,3,5,2,7,6,1635,1534,,70.7,105.1,.328,.386,.537,53.9,51.8,7.9,8.8,.501,17.0,35.6,.240
262,Saint Francis (PA),21,13,8,.619,-4.85,-6.60,6,4,7,2,5,6,1635,1551,,71.4,108.4,.357,.295,.553,52.4,41.2,9.5,7.1,.514,15.4,32.5,.264
263,Saint Joseph's,21,4,17,.190,-5.71,5.63,0,8,2,7,2,7,1474,1712,,72.7,96.0,.296,.493,.494,49.0,53.8,6.4,7.2,.461,16.2,28.2,.203
264,Saint Louis,21,16,5,.762,8.25,2.35,5,3,11,2,3,2,1496,1365,,68.9,101.6,.390,.291,.502,53.9,54.1,11.0,12.7,.483,15.2,34.7,.224
265,Saint Mary's (CA),23,19,4,.826,13.37,2.96,6,2,11,2,4,1,1774,1494,,65.0,115.0,.320,.377,.594,52.3,48.1,10.4,6.1,.564,13.5,26.8,.240
266,Saint Peter's,18,8,10,.444,-5.74,-5.52,5,4,5,3,3,7,1161,1165,,68.4,93.7,.357,.340,.496,53.9,47.8,11.1,12.4,.456,21.1,36.8,.249
267,Sam Houston State,21,15,6,.714,-1.24,-5.54,8,2,10,1,5,5,1699,1490,,75.2,105.1,.296,.361,.557,49.8,58.0,12.5,9.4,.522,15.9,27.8,.226
268,Samford,23,8,15,.348,-11.24,-0.84,2,7,6,5,2,10,1730,1841,,74.1,100.3,.336,.321,.539,48.9,44.3,9.2,8.9,.505,18.5,29.4,.242
269,San Diego State,22,22,0,1.000,19.02,2.45,11,0,11,0,8,0,1650,1258,,66.7,112.4,.284,.384,.573,53.4,57.1,10.1,10.2,.543,14.4,30.2,.214
270,San Diego,23,8,15,.348,-3.67,3.05,1,7,5,6,3,6,1508,1630,,71.6,91.1,.301,.363,.496,49.7,53.3,7.8,8.6,.468,18.7,26.6,.199
271,San Francisco,23,16,7,.696,8.01,2.05,5,3,10,3,5,4,1775,1593,,69.5,109.9,.300,.452,.563,53.1,44.3,10.0,8.4,.534,16.0,31.0,.217
272,San Jose State,22,7,15,.318,-6.74,4.88,3,7,6,6,1,8,1536,1755,,73.7,94.7,.348,.438,.502,47.8,56.7,8.2,8.7,.463,16.9,26.3,.243
273,Santa Clara,23,17,6,.739,2.87,-0.32,4,4,15,2,2,4,1773,1614,,73.5,104.4,.325,.372,.568,49.4,57.9,9.2,9.9,.533,17.2,23.8,.246
274,Seattle,22,11,11,.500,-4.07,-4.02,4,3,7,3,2,7,1638,1571,,71.8,101.9,.356,.375,.514,49.9,44.0,8.0,9.2,.463,13.2,28.5,.274
275,Seton Hall,20,16,4,.800,18.38,8.23,8,0,9,1,5,2,1498,1295,,71.9,104.1,.373,.392,.547,51.0,55.8,10.6,16.5,.515,16.9,29.3,.259
276,Siena,18,9,9,.500,-3.50,-4.44,5,4,9,0,0,9,1308,1291,,69.3,102.7,.363,.333,.535,53.4,49.0,8.4,7.4,.501,16.9,30.9,.252
277,South Alabama,23,12,11,.522,-0.81,0.04,5,7,7,5,3,5,1644,1575,,67.2,105.8,.422,.309,.558,49.4,43.7,11.2,11.7,.514,15.8,27.1,.310
278,South Carolina State,19,9,10,.474,-14.12,-6.29,4,3,6,2,3,8,1345,1439,,69.5,100.5,.379,.310,.537,51.3,46.8,6.4,4.5,.486,17.9,29.6,.294
279,South Carolina Upstate,22,9,13,.409,-12.40,-4.50,4,5,6,3,3,10,1518,1617,,69.5,99.3,.333,.366,.521,47.8,47.9,8.8,7.3,.490,16.1,26.1,.227
280,South Carolina,20,12,8,.600,8.56,4.61,4,3,7,4,5,2,1424,1345,,71.6,99.4,.341,.307,.508,52.1,53.6,10.5,13.2,.487,16.2,32.7,.206
281,South Dakota State,24,16,8,.667,2.96,-3.18,7,2,12,0,4,8,1854,1678,,69.5,110.0,.314,.363,.574,53.0,48.7,7.3,7.5,.549,16.1,30.0,.220
282,South Dakota,23,15,8,.652,-1.25,-3.54,6,3,10,1,3,6,1811,1712,,70.6,111.6,.389,.327,.593,50.6,50.1,6.0,7.4,.555,13.6,21.3,.294
283,South Florida,21,9,12,.429,3.82,3.34,2,6,7,4,1,4,1307,1297,,65.8,94.0,.366,.386,.498,52.4,46.5,12.2,7.6,.472,19.4,32.1,.226
284,Southeast Missouri State,22,4,18,.182,-14.35,-2.50,0,9,3,5,0,12,1444,1665,,68.8,94.8,.356,.328,.502,47.1,44.1,7.9,6.1,.467,16.8,25.2,.241
285,Southeastern Louisiana,21,6,15,.286,-15.22,-3.00,3,7,4,4,2,10,1408,1609,,73.7,89.9,.291,.353,.489,45.5,48.1,10.9,4.6,.463,19.7,27.4,.187
286,Southern California,21,17,4,.810,11.07,4.74,6,2,9,1,5,2,1533,1400,,71.0,101.0,.393,.317,.532,53.2,58.5,9.2,14.6,.498,17.8,32.1,.267
287,SIU Edwardsville,22,5,17,.227,-15.62,-5.57,2,7,3,6,2,11,1479,1623,,70.3,95.7,.280,.308,.515,47.9,55.8,8.0,9.5,.489,17.4,25.0,.189
288,Southern Illinois,22,12,10,.545,0.88,-0.21,6,3,10,1,1,7,1378,1327,,64.3,97.5,.325,.424,.537,46.6,56.9,10.2,5.7,.503,17.7,21.0,.235
289,Southern Methodist,20,15,5,.750,8.58,0.88,5,3,11,1,4,4,1497,1343,,66.5,110.5,.311,.419,.563,54.5,61.8,8.9,10.1,.528,16.6,35.0,.237
290,Southern Mississippi,22,6,16,.273,-6.44,4.40,2,7,5,5,1,8,1472,1621,,68.9,97.1,.246,.287,.518,50.1,54.4,9.4,8.1,.486,18.0,28.9,.184
291,Southern Utah,20,12,8,.600,2.01,-2.22,5,4,6,3,5,5,1480,1274,,71.0,102.2,.331,.328,.544,54.6,45.4,10.6,12.2,.514,17.5,29.5,.230
292,Southern,21,8,13,.381,-12.68,-5.57,5,3,5,1,2,12,1424,1476,,68.9,97.9,.289,.308,.511,51.9,51.1,9.0,7.6,.484,17.8,32.4,.193
293,St. Bonaventure,21,13,8,.619,2.46,0.76,5,3,5,3,5,5,1421,1362,,66.3,101.5,.263,.338,.517,52.2,52.6,8.9,11.7,.483,15.7,31.3,.197
294,St. Francis (NY),21,10,11,.476,-11.47,-7.37,4,5,8,1,2,10,1474,1492,,71.4,98.3,.276,.350,.512,50.0,47.6,8.9,10.2,.478,16.1,27.7,.200
295,St. John's (NY),22,13,9,.591,9.99,4.72,2,7,10,4,1,4,1645,1529,,75.1,99.6,.311,.310,.493,49.2,53.5,14.0,12.8,.457,13.9,30.8,.218
296,Stanford,20,15,5,.750,13.99,2.59,4,3,11,2,2,2,1422,1194,,69.1,102.2,.322,.354,.573,50.0,52.4,10.6,11.8,.552,19.2,23.2,.216
297,Stephen F. Austin,21,18,3,.857,4.07,-5.66,9,1,10,1,8,2,1699,1408,,75.3,106.9,.411,.274,.571,55.0,51.5,14.5,9.7,.542,20.1,37.6,.280
298,Stetson,23,11,12,.478,-10.92,-5.11,5,3,5,5,5,6,1463,1515,,64.9,97.5,.377,.340,.524,52.5,44.0,9.4,9.2,.496,19.0,31.0,.243
299,Stony Brook,22,14,8,.636,0.56,-3.16,5,2,6,2,6,6,1578,1453,,70.1,101.2,.325,.438,.534,52.6,48.6,9.4,14.2,.500,18.2,30.7,.231
300,Syracuse,21,13,8,.619,12.28,5.28,6,4,9,4,4,2,1538,1391,,66.8,108.9,.326,.451,.556,50.0,59.9,10.9,14.8,.523,14.8,28.9,.238
301,Temple,20,10,10,.500,7.31,5.11,2,6,5,4,3,4,1354,1310,,71.3,94.9,.308,.350,.492,50.4,56.5,11.4,8.3,.459,16.2,27.1,.210
302,Tennessee-Martin,20,6,14,.300,-12.83,-0.50,2,7,3,4,2,8,1545,1689,,71.3,108.3,.332,.377,.555,47.8,42.3,7.4,7.8,.519,15.5,31.3,.247
303,Tennessee State,22,13,9,.591,-5.67,-5.37,5,4,8,1,3,8,1650,1607,,71.8,104.4,.343,.368,.563,54.8,51.1,7.5,11.6,.544,20.0,34.0,.222
304,Tennessee Tech,22,5,17,.227,-15.24,-2.94,2,7,3,7,2,8,1430,1624,,69.7,92.7,.208,.404,.505,49.9,55.2,9.1,8.8,.486,20.1,28.6,.139
305,Tennessee,20,12,8,.600,11.89,5.69,4,3,8,4,2,3,1323,1199,,66.8,99.0,.341,.371,.531,51.1,65.0,8.6,16.4,.488,18.3,28.8,.256
306,Texas A&M-Corpus Christi,22,9,13,.409,-10.41,-5.16,5,6,6,4,3,9,1394,1461,,67.3,94.2,.325,.406,.531,52.2,55.4,7.9,8.3,.497,22.0,29.6,.228
307,Texas A&M,19,10,9,.526,2.10,4.05,4,3,7,4,3,1,1163,1200,,65.3,93.1,.405,.400,.491,50.1,52.2,9.8,11.2,.448,18.1,30.8,.275
308,Texas-Arlington,22,9,13,.409,3.64,3.34,5,6,4,5,5,7,1557,1500,,69.4,102.0,.278,.425,.520,49.5,59.3,8.0,7.8,.481,14.5,27.6,.214
309,Texas Christian,20,13,7,.650,11.59,6.43,4,3,11,3,1,3,1380,1261,,66.9,101.8,.255,.442,.528,52.2,62.1,11.4,13.7,.512,17.5,33.1,.160
310,Texas-El Paso,22,13,9,.591,0.41,-0.12,4,5,11,1,1,7,1504,1437,,69.5,97.8,.370,.394,.535,50.2,51.6,8.4,8.9,.487,18.2,24.0,.284
311,Texas-Rio Grande Valley,20,6,14,.300,-8.38,-1.80,2,5,6,3,0,9,1431,1423,,70.4,100.4,.287,.309,.512,48.4,55.5,12.2,12.5,.481,15.1,29.5,.201
312,Texas-San Antonio,22,10,12,.455,-2.79,0.69,4,5,8,2,2,6,1725,1691,,74.4,104.2,.263,.426,.541,50.7,48.7,8.0,7.9,.510,15.3,27.7,.197
313,Texas Southern,20,9,11,.450,-7.54,-0.12,6,1,6,1,3,10,1416,1519,,75.0,93.2,.380,.300,.489,49.8,49.2,7.6,6.9,.443,18.2,31.4,.269
314,Texas State,22,13,9,.591,3.38,-0.57,6,5,9,3,4,6,1586,1397,,67.4,106.9,.396,.294,.546,49.1,52.6,9.6,8.3,.499,14.8,28.4,.300
315,Texas Tech,20,13,7,.650,15.78,5.68,4,3,10,2,1,3,1471,1269,,69.9,103.2,.366,.363,.550,51.3,64.1,10.7,10.8,.506,17.6,29.3,.280
316,Texas,20,13,7,.650,9.53,6.98,3,4,8,3,3,3,1319,1268,,66.8,98.8,.206,.447,.528,47.9,55.5,8.2,11.3,.514,18.0,28.1,.133
317,Toledo,21,11,10,.524,2.67,-0.88,3,5,6,4,5,6,1618,1488,,70.4,108.9,.354,.426,.557,51.5,58.9,9.0,9.5,.521,15.4,30.5,.261
318,Towson,22,13,9,.591,0.32,-1.30,7,3,7,3,4,3,1552,1449,,66.9,104.2,.346,.343,.532,53.1,46.2,9.0,9.4,.489,15.8,31.8,.261
319,Troy,23,8,15,.348,-8.68,-1.54,4,8,6,5,2,10,1587,1659,,70.8,96.5,.281,.418,.497,49.2,58.2,8.1,8.2,.468,17.4,31.1,.190
320,Tulane,20,10,10,.500,0.79,0.79,2,6,6,3,2,3,1374,1374,,68.8,99.3,.340,.398,.523,45.0,48.4,12.0,7.6,.489,15.3,23.1,.238
321,Tulsa,20,14,6,.700,8.60,1.60,6,1,10,1,4,4,1425,1285,,68.1,102.2,.364,.325,.541,51.1,53.2,11.2,7.9,.505,16.8,27.5,.259
322,UCLA,21,11,10,.524,6.05,6.05,4,4,8,4,2,3,1461,1435,,67.0,103.2,.377,.318,.522,55.1,53.2,10.4,10.8,.483,16.8,36.3,.266
323,Utah State,23,17,6,.739,13.70,3.70,6,4,11,1,2,4,1788,1465,,69.7,109.8,.373,.379,.558,56.0,61.4,9.1,8.5,.514,15.0,32.3,.286
324,Utah Valley,23,9,14,.391,-8.34,-4.04,3,5,4,5,5,9,1585,1608,,71.5,95.8,.327,.386,.520,49.9,51.3,7.9,13.3,.485,17.6,24.8,.230
325,Utah,20,12,8,.600,9.23,6.18,3,5,8,1,1,5,1484,1423,,69.4,106.2,.392,.394,.561,52.8,56.0,7.2,6.5,.520,16.7,30.0,.291
326,Valparaiso,22,11,11,.500,-0.04,0.72,4,5,7,1,3,7,1612,1601,,71.4,101.5,.268,.414,.529,49.1,57.2,11.6,9.6,.501,16.1,27.8,.191
327,Vanderbilt,20,8,12,.400,1.88,3.28,0,7,8,6,0,5,1447,1475,,70.1,102.0,.409,.451,.538,47.6,50.2,10.2,10.7,.504,16.4,26.5,.277
328,Vermont,22,16,6,.727,6.23,-3.05,6,1,7,2,8,3,1531,1287,,66.8,104.1,.298,.427,.537,52.5,52.7,9.2,10.5,.505,15.8,28.4,.214
329,Villanova,20,17,3,.850,16.71,7.96,7,1,10,0,4,2,1491,1316,,67.7,109.4,.272,.462,.560,51.8,57.8,9.0,7.5,.526,14.5,27.8,.213
330,Virginia Commonwealth,21,16,5,.762,12.69,2.35,6,2,12,1,4,2,1527,1310,,70.4,103.3,.335,.382,.536,49.3,53.7,13.6,13.3,.502,15.8,28.5,.238
331,VMI,23,6,17,.261,-7.99,-3.04,1,9,5,6,0,10,1661,1600,,67.4,104.8,.232,.498,.539,50.4,63.5,10.3,7.0,.515,15.8,29.3,.167
332,Virginia Tech,21,14,7,.667,10.60,3.08,5,5,10,2,3,3,1488,1330,,66.4,105.4,.256,.476,.544,49.7,61.7,9.1,8.6,.522,13.1,22.9,.177
333,Virginia,20,14,6,.700,10.93,5.38,6,4,9,3,3,3,1125,1014,,60.4,92.0,.265,.372,.486,53.8,54.1,9.3,15.0,.453,18.1,29.3,.188
334,Wagner,20,5,15,.250,-13.80,-3.96,2,7,3,5,2,10,1385,1542,,70.3,97.3,.319,.379,.503,49.6,53.8,7.8,7.2,.466,16.7,30.4,.227
335,Wake Forest,20,9,11,.450,5.50,6.60,2,8,5,4,1,6,1448,1470,,70.9,100.9,.420,.321,.532,52.4,50.9,6.8,7.2,.481,17.8,29.4,.314
336,Washington State,22,13,9,.591,4.65,1.38,4,5,10,2,1,5,1563,1491,,70.9,99.6,.285,.393,.505,49.5,47.4,9.7,6.3,.470,14.2,27.7,.206
337,Washington,22,12,10,.545,13.21,7.03,2,7,9,4,1,4,1542,1406,,69.1,100.3,.379,.369,.549,50.2,52.9,10.1,16.7,.514,19.0,28.0,.267
338,Weber State,21,8,13,.381,-7.95,0.55,4,6,5,4,3,5,1497,1483,,69.7,101.1,.298,.372,.546,47.9,46.2,7.8,9.6,.520,15.5,22.0,.205
339,West Virginia,20,16,4,.800,21.19,9.09,4,3,10,0,3,4,1473,1231,,71.2,103.4,.431,.300,.516,56.1,49.1,11.4,11.4,.481,17.0,40.1,.280
340,Western Carolina,20,13,7,.650,-0.44,-1.72,5,4,8,2,5,5,1599,1491,,72.6,108.7,.360,.465,.584,53.1,52.9,7.3,4.3,.559,17.6,29.9,.251
341,Western Illinois,19,5,14,.263,-13.61,-2.90,2,7,4,7,1,7,1430,1534,,73.7,101.5,.217,.347,.526,47.1,38.5,6.7,5.5,.496,13.0,21.3,.170
342,Western Kentucky,21,14,7,.667,4.46,0.76,7,2,9,1,3,4,1609,1492,,70.4,107.6,.376,.363,.574,48.6,42.9,9.1,11.2,.529,16.2,25.4,.295
343,Western Michigan,20,9,11,.450,-6.03,-0.36,2,5,7,2,2,7,1428,1461,,69.3,101.1,.386,.391,.526,47.4,48.1,7.7,5.9,.484,14.9,24.9,.276
344,Wichita State,20,17,3,.850,14.60,3.75,5,2,13,1,3,1,1491,1274,,72.1,102.1,.384,.372,.509,53.3,57.7,10.3,10.0,.469,14.8,32.7,.266
345,William & Mary,23,16,7,.696,-1.07,-2.98,8,2,8,1,8,5,1668,1566,,68.8,105.4,.294,.390,.567,52.9,52.5,6.7,9.6,.536,16.7,25.8,.220
346,Winthrop,22,15,7,.682,2.85,-4.30,9,0,8,2,7,5,1778,1547,,72.7,109.3,.336,.434,.549,54.5,55.1,9.7,7.1,.530,16.1,35.3,.212
347,Wisconsin,21,12,9,.571,14.28,9.42,5,5,9,1,3,5,1392,1290,,64.2,102.6,.271,.434,.535,50.0,50.8,7.4,10.2,.502,14.5,24.8,.205
348,Wofford,22,14,8,.636,0.36,-2.09,6,3,9,1,5,7,1599,1481,,66.9,107.5,.253,.485,.570,49.2,51.0,8.5,8.9,.546,15.3,24.6,.187
349,Wright State,22,18,4,.818,4.03,-6.17,8,1,10,2,6,1,1793,1533,,72.9,110.6,.352,.336,.542,53.0,49.2,9.1,9.2,.517,13.8,34.6,.232
350,Wyoming,22,5,17,.227,-4.84,4.25,0,10,4,10,1,5,1304,1481,,65.2,89.4,.314,.467,.510,44.2,50.1,7.3,6.5,.474,18.4,15.6,.224
351,Xavier,21,13,8,.619,11.24,7.38,2,6,10,3,1,4,1507,1426,,69.5,100.3,.312,.353,.511,52.0,55.8,8.5,10.2,.483,16.2,32.1,.206
352,Yale,18,14,4,.778,7.68,-0.26,2,0,5,0,7,4,1362,1128,,68.8,105.5,.346,.426,.570,53.4,61.3,8.5,10.4,.541,17.1,25.3,.246
353,Youngstown State,23,12,11,.522,-6.70,-3.99,5,5,9,3,3,8,1667,1650,,69.5,102.6,.318,.365,.500,52.3,47.3,8.9,6.6,.470,14.3,35.2,.213
