School,Overall G,Overall W,Overall L,Overall W-L%,Overall SRS,Overall SOS,Conf. W,Conf. L,Home W,Home L,Away W,Away L,Points Tm.,Points Opp.,MP,Opponent Totals FG,Opponent Totals FGA,Opponent Totals FG%,Opponent Totals 3P,Opponent Totals 3PA,Opponent Totals 3P%,Opponent Totals FT,Opponent Totals FTA,Opponent Totals FT%,Opponent Totals ORB,Opponent Totals TRB,Opponent Totals AST,Opponent Totals STL,Opponent Totals BLK,Opponent Totals TOV,Opponent Totals PF
Abilene Christian,20,11,9,.550,-3.43,-3.18,6,3,8,2,3,7,1508,1292,815,428,993,.431,101,340,.297,335,443,.756,170,667,201,145,77,418,398
Air Force,22,9,13,.409,0.68,1.44,3,7,6,5,3,5,1653,1612,880,572,1242,.461,219,593,.369,249,363,.686,160,702,315,138,59,252,435
Akron,21,16,5,.762,8.36,-0.70,6,2,10,2,5,2,1623,1384,840,507,1274,.398,125,409,.306,245,353,.694,238,763,206,134,58,293,412
Alabama A&M,18,5,13,.278,-17.15,-6.43,2,5,4,1,1,11,1144,1337,725,498,1055,.472,128,390,.328,213,339,.628,173,719,277,108,91,234,276
Alabama-Birmingham,22,13,9,.591,-1.45,-1.25,4,5,8,4,3,5,1436,1395,880,502,1245,.403,159,497,.320,232,317,.732,196,680,228,155,75,262,363
Alabama State,20,3,17,.150,-17.31,-2.61,2,5,1,1,0,13,1207,1501,800,539,1109,.486,146,400,.365,277,406,.682,189,734,296,137,78,271,363
Alabama,20,12,8,.600,12.48,7.28,4,3,8,1,2,5,1649,1545,810,540,1332,.405,138,460,.300,327,440,.743,245,793,232,167,82,282,405
Albany (NY),22,12,10,.545,-6.98,-6.41,5,2,6,3,4,7,1505,1491,885,535,1301,.411,169,515,.328,252,366,.689,200,746,278,173,74,293,420
Alcorn State,19,10,9,.526,-11.34,-6.07,6,2,7,1,3,8,1469,1363,765,490,1112,.441,141,414,.341,242,366,.661,180,658,269,136,58,281,306
American,20,10,10,.500,-6.01,-5.71,6,3,6,3,4,7,1437,1443,805,514,1127,.456,117,337,.347,298,422,.706,197,700,240,123,64,266,318
Appalachian State,22,12,10,.545,-0.54,-0.14,6,5,6,3,5,6,1512,1461,885,523,1270,.412,170,527,.323,245,343,.714,226,794,291,140,56,321,428
Arizona State,20,12,8,.600,10.57,6.82,3,4,8,2,3,3,1447,1372,800,488,1159,.421,139,428,.325,257,392,.656,203,777,249,123,73,330,367
Arizona,20,14,6,.700,21.86,7.46,4,3,10,1,1,4,1609,1321,805,447,1159,.386,143,445,.321,284,399,.712,202,680,243,94,59,293,388
Little Rock,23,16,7,.696,2.67,-1.29,10,2,9,2,7,5,1635,1530,920,528,1302,.406,182,529,.344,292,428,.682,227,739,257,164,75,337,469
Arkansas-Pine Bluff,19,3,16,.158,-20.83,-1.45,2,5,1,2,2,14,1011,1352,760,455,1018,.447,130,401,.324,312,451,.692,196,653,274,183,44,276,319
Arkansas State,23,15,8,.652,-1.92,-1.16,7,5,10,4,5,4,1621,1610,930,555,1218,.456,145,426,.340,355,500,.710,208,765,305,142,41,329,485
Arkansas,20,15,5,.750,15.58,5.28,3,4,11,2,3,3,1485,1279,810,454,1121,.405,87,353,.246,284,415,.684,210,762,197,99,53,342,404
Army,20,10,10,.500,-9.52,-6.42,5,4,5,4,5,6,1413,1435,805,527,1204,.438,182,518,.351,199,304,.655,179,703,279,139,66,250,286
Auburn,20,18,2,.900,15.33,4.63,5,2,11,0,3,2,1585,1371,815,496,1207,.411,124,407,.305,255,369,.691,216,719,211,139,56,285,421
Austin Peay,22,15,7,.682,0.41,-3.79,9,0,10,0,4,6,1733,1587,880,575,1227,.469,159,426,.373,278,392,.709,214,720,313,127,51,347,440
Ball State,20,11,9,.550,4.80,-1.62,4,3,6,3,3,4,1413,1247,800,454,1127,.403,124,370,.335,215,313,.687,170,684,205,123,56,294,324
Baylor,19,18,1,.947,20.24,6.18,7,0,9,0,5,0,1375,1108,760,400,1047,.382,113,367,.308,195,290,.672,189,618,212,109,96,281,331
Belmont,22,15,7,.682,4.01,-6.52,6,3,8,1,7,5,1796,1526,880,570,1388,.411,150,469,.320,236,361,.654,218,812,262,141,72,288,314
Bethune-Cookman,21,10,11,.476,-10.07,-6.24,4,3,5,1,3,10,1591,1556,840,547,1254,.436,127,431,.295,335,501,.669,236,790,276,140,66,333,403
Binghamton,21,8,13,.381,-15.46,-4.30,2,6,6,4,2,9,1466,1604,845,605,1333,.454,159,483,.329,235,352,.668,242,808,299,141,59,198,307
Boise State,22,14,8,.636,8.39,3.10,6,4,10,1,2,6,1745,1557,905,581,1291,.450,139,460,.302,256,353,.725,163,719,256,131,55,308,458
Boston College,21,10,11,.476,1.53,5.39,4,6,7,6,2,5,1354,1435,840,518,1197,.433,155,446,.348,244,347,.703,228,816,279,140,65,337,364
Boston University,22,12,10,.545,-2.11,-4.40,6,3,7,2,5,6,1587,1511,890,558,1262,.442,149,461,.323,246,364,.676,187,741,253,138,63,262,356
Bowling Green State,21,16,5,.762,1.35,-0.80,7,1,10,1,3,1,1581,1497,850,517,1261,.410,167,496,.337,296,441,.671,207,796,234,111,59,262,360
Bradley,22,15,7,.682,6.87,0.10,6,3,12,1,2,5,1596,1421,880,491,1273,.386,170,569,.299,269,356,.756,214,737,246,138,68,276,393
Brigham Young,23,16,7,.696,16.53,6.76,5,3,10,1,2,5,1836,1586,935,596,1357,.439,139,443,.314,255,372,.685,199,777,267,144,55,295,358
Brown,15,7,8,.467,-4.04,0.67,0,2,6,2,1,6,1027,1067,600,375,896,.419,103,319,.323,214,294,.728,158,531,175,134,58,205,288
Bryant,21,10,11,.476,-4.18,-4.83,2,6,6,4,4,7,1503,1441,845,515,1267,.406,134,444,.302,277,416,.666,256,822,266,131,59,280,330
Bucknell,22,9,13,.409,-7.37,-2.91,5,4,6,2,2,9,1523,1621,880,568,1217,.467,141,409,.345,344,484,.711,190,766,278,150,65,310,368
Buffalo,21,14,7,.667,1.92,-0.03,5,3,7,4,4,2,1669,1593,840,591,1336,.442,144,432,.333,267,375,.712,237,790,290,145,88,319,372
Butler,21,17,4,.810,16.45,6.74,5,3,10,1,4,3,1456,1252,845,435,1154,.377,136,457,.298,246,348,.707,178,635,234,125,68,254,358
Cal Poly,20,5,15,.250,-10.53,1.69,2,4,5,3,0,10,1304,1477,805,506,1112,.455,156,417,.374,309,436,.709,195,727,285,141,63,267,361
Cal State Bakersfield,22,10,12,.455,-4.85,-1.27,4,3,7,5,3,7,1566,1514,905,482,1109,.435,171,460,.372,379,542,.699,169,662,257,109,64,304,384
Cal State Fullerton,22,8,14,.364,-6.69,-0.94,3,4,3,6,4,7,1474,1518,885,546,1261,.433,136,429,.317,290,416,.697,206,808,251,140,61,294,398
Cal State Northridge,23,9,14,.391,-8.01,-0.67,4,3,6,3,3,10,1726,1811,920,641,1389,.461,219,582,.376,310,437,.709,255,860,353,117,80,312,419
California Baptist,21,15,6,.714,-0.53,-6.70,5,2,11,4,4,2,1669,1451,845,539,1309,.412,125,405,.309,248,375,.661,219,734,269,132,70,244,407
UC-Davis,22,8,14,.364,-5.95,-1.55,2,4,4,3,3,9,1575,1557,890,551,1213,.454,152,459,.331,303,412,.735,202,746,320,135,62,316,374
UC-Irvine,22,13,9,.591,3.11,-0.64,5,1,7,1,4,7,1621,1443,880,471,1265,.372,166,469,.354,335,481,.696,208,689,223,123,60,265,377
UC-Riverside,23,14,9,.609,-3.39,-4.39,4,3,10,2,4,7,1539,1415,920,513,1248,.411,142,416,.341,247,376,.657,160,688,245,137,63,249,379
UC-Santa Barbara,21,13,8,.619,-2.06,-4.75,2,4,8,3,5,5,1501,1410,845,514,1128,.456,150,413,.363,232,331,.701,159,604,250,96,49,250,392
University of California,20,9,11,.450,2.09,7.19,3,4,9,3,0,5,1262,1364,810,460,1094,.420,155,426,.364,289,394,.734,185,675,237,93,69,245,358
Campbell,21,11,10,.524,-9.04,-7.83,2,7,5,4,5,5,1460,1406,845,490,1099,.446,122,385,.317,304,434,.700,204,722,210,137,44,338,327
Canisius,20,8,12,.400,-5.43,-4.33,3,6,5,2,2,9,1394,1416,800,496,1123,.442,129,405,.319,295,427,.691,225,717,238,153,59,329,363
Central Arkansas,21,6,15,.286,-11.34,0.36,5,5,6,3,0,11,1576,1790,865,629,1371,.459,197,521,.378,335,474,.707,238,818,342,198,71,296,457
Central Connecticut State,23,2,21,.087,-22.85,-3.71,1,9,2,7,0,12,1424,1811,920,648,1380,.470,210,562,.374,305,448,.681,272,926,366,174,97,310,373
Central Florida,20,11,9,.550,5.19,3.09,2,6,7,4,2,4,1373,1331,800,482,1168,.413,137,426,.322,230,319,.721,216,728,291,123,57,285,353
Central Michigan,19,11,8,.579,-1.31,0.13,4,2,10,1,1,7,1563,1443,760,536,1176,.456,178,481,.370,193,275,.702,178,707,275,120,71,327,389
Charleston Southern,21,11,10,.524,-12.51,-5.14,5,4,6,4,5,5,1469,1525,850,564,1238,.456,150,460,.326,247,358,.690,224,790,302,150,63,302,350
Charlotte,20,12,8,.600,2.00,-2.40,6,3,10,1,2,7,1346,1258,810,466,1080,.431,135,431,.313,191,303,.630,152,624,232,147,71,286,344
Chattanooga,22,14,8,.636,-0.72,-2.42,5,4,8,1,4,7,1598,1486,885,555,1260,.440,133,431,.309,243,348,.698,179,735,239,129,75,272,368
Chicago State,22,4,18,.182,-29.33,-2.48,0,7,3,7,1,9,1405,1847,880,629,1318,.477,206,527,.391,383,517,.741,232,787,388,187,52,268,410
Cincinnati,20,13,7,.650,12.97,5.17,6,2,9,1,2,4,1453,1297,815,457,1158,.395,133,417,.319,250,341,.733,193,656,232,131,75,291,372
Citadel,20,6,14,.300,-12.06,-1.35,0,9,3,7,3,7,1569,1594,815,580,1314,.441,174,559,.311,260,379,.686,214,772,286,160,51,299,353
Clemson,20,11,9,.550,10.05,6.95,5,5,9,4,1,4,1368,1306,815,460,1110,.414,159,495,.321,227,312,.728,166,697,229,134,50,282,331
Cleveland State,23,9,14,.391,-11.22,-1.91,5,5,6,5,1,9,1466,1646,920,545,1294,.421,170,498,.341,386,533,.724,271,824,314,174,112,335,460
Coastal Carolina,22,11,11,.500,-0.33,-0.33,4,7,7,7,4,3,1715,1644,880,534,1289,.414,205,586,.350,371,519,.715,241,781,307,163,68,330,424
Colgate,22,16,6,.727,0.32,-3.63,7,2,9,1,6,5,1654,1532,885,580,1318,.440,161,529,.304,211,317,.666,204,784,289,132,63,259,338
College of Charleston,22,13,9,.591,2.42,-0.20,7,3,7,4,5,3,1573,1492,880,527,1257,.419,151,474,.319,287,401,.716,224,785,274,114,82,266,381
Colorado State,23,15,8,.652,7.45,4.32,6,4,9,3,3,4,1738,1644,940,613,1375,.446,192,558,.344,226,311,.727,188,765,312,134,60,307,435
Colorado,21,16,5,.762,17.12,7.41,5,3,10,2,2,3,1510,1306,845,480,1202,.399,128,387,.331,218,302,.722,186,666,229,164,77,308,408
Columbia,18,6,12,.333,-9.09,-4.97,1,1,5,1,0,10,1203,1243,725,474,1095,.433,132,393,.336,163,250,.652,159,673,215,106,76,212,274
Connecticut,20,11,9,.550,9.50,3.45,2,5,9,3,0,4,1423,1302,825,455,1136,.401,108,338,.320,284,390,.728,215,728,231,142,74,314,376
Coppin State,22,6,16,.273,-13.03,-4.76,2,5,3,4,3,12,1487,1669,885,580,1376,.422,193,579,.333,316,461,.685,255,942,344,153,62,331,357
Cornell,15,4,11,.267,-9.33,-2.94,1,1,4,2,0,9,1002,1016,605,374,869,.430,108,320,.338,160,235,.681,149,538,197,89,62,185,232
Creighton,21,16,5,.762,14.48,7.33,5,3,12,1,3,3,1629,1449,845,545,1310,.416,143,492,.291,216,300,.720,231,776,260,99,67,260,357
Dartmouth,17,7,10,.412,-4.47,-3.66,0,2,3,3,3,6,1137,1101,690,399,953,.419,140,421,.333,163,281,.580,131,583,212,101,45,215,281
Davidson,20,10,10,.500,6.45,2.95,4,4,6,1,3,5,1435,1365,825,477,1101,.433,144,426,.338,267,379,.704,174,685,245,106,62,243,324
Dayton,21,19,2,.905,20.11,3.49,8,0,11,0,5,0,1737,1388,855,505,1205,.419,134,395,.339,244,375,.651,211,671,238,119,61,302,362
Delaware State,19,2,17,.105,-22.76,-5.47,1,4,2,7,0,9,1333,1592,760,543,1131,.480,164,457,.359,342,485,.705,201,765,322,166,57,297,349
Delaware,22,15,7,.682,-2.33,-4.42,5,4,6,2,5,4,1625,1535,885,543,1300,.418,166,510,.325,283,379,.747,212,746,283,143,52,255,351
Denver,23,5,18,.217,-10.65,-1.93,1,8,4,7,0,10,1566,1741,925,586,1289,.455,183,566,.323,386,505,.764,177,813,283,136,55,298,451
DePaul,21,13,8,.619,9.97,5.97,1,7,9,5,4,3,1546,1437,850,481,1213,.397,162,504,.321,313,439,.713,237,771,271,161,75,353,395
Detroit Mercy,22,6,16,.273,-8.61,-0.79,4,5,4,4,1,11,1519,1691,880,596,1325,.450,194,538,.361,305,417,.731,234,825,379,145,81,275,396
Drake,22,15,7,.682,1.25,-0.75,5,4,11,0,2,6,1543,1440,880,503,1227,.410,172,500,.344,262,353,.742,162,705,254,147,63,288,350
Drexel,22,12,10,.545,-4.11,-1.97,5,4,9,2,1,8,1511,1523,885,575,1304,.441,123,405,.304,250,338,.740,209,724,262,183,74,268,402
Duke,20,17,3,.850,25.80,7.15,7,2,10,2,4,1,1654,1281,805,483,1165,.415,97,315,.308,218,334,.653,196,649,236,145,73,328,366
Duquesne,20,15,5,.750,7.31,-0.15,5,3,8,1,2,2,1413,1264,805,467,1140,.410,125,426,.293,205,312,.657,193,663,229,124,59,275,355
East Carolina,21,9,12,.429,-3.20,-0.82,3,5,8,4,0,6,1446,1496,840,507,1200,.423,168,500,.336,314,461,.681,193,726,273,142,67,272,409
East Tennessee State,22,18,4,.818,6.70,-1.04,7,2,12,1,6,3,1673,1372,880,491,1171,.419,122,427,.286,268,383,.700,199,702,228,132,63,361,431
Eastern Illinois,21,11,10,.524,-4.48,-7.48,4,5,7,0,3,9,1585,1435,840,494,1205,.410,143,418,.342,304,411,.740,214,745,242,121,66,326,367
Eastern Kentucky,22,10,12,.455,-11.82,-3.97,7,2,7,3,3,7,1662,1697,880,601,1294,.464,148,453,.327,347,467,.743,249,895,339,148,67,414,374
Eastern Michigan,20,10,10,.500,-5.75,1.00,0,7,6,3,2,7,1301,1267,800,447,1084,.412,179,500,.358,194,311,.624,206,723,280,148,54,359,382
Eastern Washington,19,13,6,.684,-0.03,-0.62,6,2,8,1,5,5,1585,1436,770,509,1198,.425,134,405,.331,284,394,.721,206,739,279,133,66,288,377
Elon,23,6,17,.261,-10.64,-1.49,2,8,6,7,0,10,1568,1673,925,557,1261,.442,192,530,.362,367,490,.749,176,817,297,141,74,276,398
Evansville,22,9,13,.409,-7.66,-0.76,0,9,5,5,3,6,1523,1650,905,607,1319,.460,152,410,.371,284,384,.740,201,812,268,120,61,260,429
Fairfield,19,8,11,.421,-6.71,-4.40,4,4,3,4,4,5,1163,1207,775,435,1029,.423,136,400,.340,201,294,.684,159,594,229,118,63,232,332
Fairleigh Dickinson,20,5,15,.250,-12.83,-4.20,3,6,3,3,2,12,1391,1506,810,538,1188,.453,171,483,.354,259,375,.691,241,750,307,132,60,259,313
Florida A&M,19,6,13,.316,-12.03,-2.13,4,4,3,0,3,11,1224,1412,765,497,1071,.464,123,386,.319,295,435,.678,207,718,252,141,71,288,354
Florida Atlantic,22,13,9,.591,-2.08,-2.19,5,4,11,2,2,7,1568,1501,890,549,1251,.439,155,469,.330,248,356,.697,181,748,255,143,41,324,376
Florida Gulf Coast,23,7,16,.304,-11.23,-3.33,4,4,5,7,2,9,1423,1553,930,549,1311,.419,174,515,.338,281,411,.684,247,827,286,179,73,327,344
Florida International,22,14,8,.636,-0.75,-2.80,5,4,9,1,4,6,1746,1626,885,584,1411,.414,146,505,.289,312,429,.727,302,898,284,164,69,365,369
Florida State,20,17,3,.850,15.82,5.27,7,2,10,0,4,3,1500,1289,810,431,1065,.405,142,425,.334,285,393,.725,212,669,191,105,56,368,344
Florida,20,12,8,.600,14.42,8.42,4,3,7,3,1,4,1464,1344,810,463,1130,.410,127,407,.312,291,401,.726,202,665,234,112,54,264,377
Fordham,20,7,13,.350,-5.09,-2.74,1,7,6,7,0,4,1166,1213,815,424,1043,.407,138,458,.301,227,328,.692,190,746,252,136,53,304,330
Fresno State,21,7,14,.333,1.77,3.47,3,7,4,5,3,8,1433,1422,860,494,1174,.421,158,459,.344,276,369,.748,187,709,250,108,52,232,352
Furman,23,18,5,.783,7.09,-1.41,8,2,10,1,7,4,1788,1526,930,577,1306,.442,156,522,.299,216,309,.699,208,785,315,149,64,372,357
Gardner-Webb,20,8,12,.400,-7.61,-3.05,4,4,3,4,3,8,1406,1450,830,507,1185,.428,174,530,.328,262,367,.714,204,718,290,130,58,252,343
George Mason,21,13,8,.619,0.85,0.33,2,6,9,4,1,4,1433,1422,845,517,1222,.423,154,475,.324,234,344,.680,220,752,263,122,83,273,380
George Washington,21,10,11,.476,-1.87,-2.10,4,4,7,5,1,5,1453,1448,860,538,1233,.436,110,359,.306,262,386,.679,212,758,224,138,83,232,371
Georgetown,21,12,9,.571,11.97,7.73,2,6,9,4,2,4,1623,1534,840,542,1281,.423,194,539,.360,256,353,.725,214,721,312,164,59,296,403
Georgia Southern,22,13,9,.591,0.93,-1.13,7,4,9,1,3,7,1683,1558,880,564,1306,.432,149,470,.317,281,393,.715,235,851,294,125,58,360,405
Georgia State,22,15,7,.682,5.55,0.90,8,3,9,0,5,7,1739,1547,890,503,1285,.391,131,470,.279,410,568,.722,281,837,269,140,87,378,397
Georgia Tech,21,10,11,.476,8.80,8.95,4,6,5,6,4,4,1423,1398,850,499,1247,.400,121,397,.305,279,398,.701,227,732,266,167,78,301,377
Georgia,20,11,9,.550,8.14,6.56,1,6,9,2,2,5,1527,1494,810,563,1251,.450,144,435,.331,224,349,.642,231,726,264,126,77,279,358
Gonzaga,23,22,1,.957,23.41,1.19,8,0,13,0,7,0,2044,1533,925,586,1423,.412,157,488,.322,204,302,.675,200,729,267,135,71,331,443
Grambling,20,9,11,.450,-12.69,-4.75,3,4,6,2,3,8,1454,1416,800,477,1124,.424,150,447,.336,312,453,.689,171,662,284,132,56,299,370
Grand Canyon,21,9,12,.429,-4.99,-2.84,4,3,5,6,3,3,1453,1505,845,533,1215,.439,178,492,.362,261,367,.711,192,732,290,118,60,247,363
Green Bay,22,10,12,.455,-5.93,-1.58,5,4,6,4,4,8,1802,1776,885,633,1390,.455,205,559,.367,305,419,.728,252,852,332,123,56,329,382
Hampton,20,9,11,.450,-13.36,-3.24,4,3,8,3,1,8,1564,1601,805,551,1245,.443,157,447,.351,342,484,.707,250,761,294,119,49,250,412
Hartford,22,12,10,.545,-7.68,-5.73,5,2,7,5,5,5,1465,1482,880,537,1293,.415,139,492,.283,269,386,.697,243,847,297,144,58,309,395
Harvard,17,13,4,.765,3.98,-1.03,2,0,6,0,6,1,1250,1113,685,398,983,.405,116,336,.345,201,296,.679,170,559,178,119,45,239,322
Hawaii,19,13,6,.684,1.78,-0.50,4,1,12,3,1,3,1346,1288,760,467,1087,.430,100,307,.326,254,350,.726,163,617,181,131,57,239,363
High Point,22,6,16,.273,-17.57,-3.47,3,6,3,7,3,9,1425,1664,890,573,1219,.470,223,566,.394,295,433,.681,190,699,351,163,81,269,408
Hofstra,23,16,7,.696,0.38,-4.39,7,3,6,3,8,4,1757,1610,920,617,1386,.445,155,502,.309,221,312,.708,232,800,327,139,57,320,429
Holy Cross,22,3,19,.136,-16.79,-3.65,2,7,2,7,0,11,1492,1771,895,654,1308,.500,160,426,.376,303,435,.697,204,767,311,162,72,239,313
Houston Baptist,18,1,17,.056,-18.92,-0.58,1,8,1,5,0,11,1475,1805,725,639,1183,.540,159,399,.398,368,494,.745,201,690,368,157,80,238,358
Houston,21,17,4,.810,14.85,4.27,7,1,9,2,5,2,1556,1334,840,445,1173,.379,140,455,.308,304,439,.692,204,680,250,102,39,248,420
Howard,22,2,20,.091,-21.27,-4.62,0,7,1,10,1,9,1533,1811,890,654,1351,.484,184,515,.357,319,455,.701,268,892,413,125,68,299,366
Idaho State,19,6,13,.316,-8.45,-1.16,3,7,4,5,2,8,1297,1330,770,506,1086,.466,88,298,.295,230,314,.732,168,597,213,122,60,224,362
Idaho,19,5,14,.263,-10.64,-2.23,1,7,4,6,0,7,1249,1336,765,493,1141,.432,152,463,.328,198,288,.688,167,662,263,131,63,227,321
Illinois-Chicago,23,10,13,.435,-6.03,-2.53,5,5,6,5,3,8,1567,1641,925,579,1378,.420,157,515,.305,326,478,.682,265,840,319,155,65,275,381
Illinois State,21,7,14,.333,-2.50,2.15,2,7,7,4,0,7,1388,1462,840,520,1173,.443,153,457,.335,269,366,.735,195,739,268,133,55,292,317
Illinois,21,16,5,.762,16.24,7.54,8,2,12,1,4,3,1567,1341,845,510,1263,.404,132,416,.317,189,275,.687,196,651,218,126,65,254,410
Incarnate Word,20,5,15,.250,-20.86,-6.03,2,7,4,6,1,9,1310,1476,805,519,1166,.445,150,428,.350,288,379,.760,229,749,307,129,88,291,328
Indiana State,20,12,8,.600,3.74,2.01,5,4,9,0,1,6,1390,1350,805,487,1080,.451,135,415,.325,241,359,.671,162,651,256,106,61,264,362
Indiana,21,15,6,.714,14.93,7.93,5,5,12,2,1,4,1543,1396,845,490,1190,.412,158,488,.324,258,381,.677,173,653,256,136,68,267,412
Iona,15,5,10,.333,-9.40,-4.66,3,5,2,4,1,5,1040,1111,610,381,850,.448,144,347,.415,205,321,.639,155,535,241,112,40,218,255
Iowa State,20,9,11,.450,10.73,7.88,2,5,8,4,0,5,1501,1444,805,536,1213,.442,164,451,.364,208,309,.673,226,739,262,143,57,309,330
Iowa,21,15,6,.714,17.06,8.30,6,4,10,1,3,3,1663,1479,840,539,1272,.424,152,499,.305,249,340,.732,208,727,298,124,81,265,406
Purdue-Fort Wayne,23,10,13,.435,-8.24,-2.94,3,5,8,3,2,10,1606,1631,920,595,1315,.452,194,550,.353,247,350,.706,180,760,338,139,66,300,341
IUPUI,23,6,17,.261,-14.22,-3.22,2,8,3,6,3,9,1590,1784,925,650,1444,.450,202,569,.355,282,393,.718,267,886,375,169,101,298,410
Jackson State,20,6,14,.300,-13.49,-2.77,3,4,4,3,2,11,1313,1441,800,484,1029,.470,128,351,.365,345,480,.719,163,725,259,117,65,332,334
Jacksonville State,22,9,13,.409,-7.52,-5.27,4,5,5,5,3,7,1597,1508,885,558,1274,.438,139,458,.303,253,369,.686,197,743,277,140,74,314,362
Jacksonville,23,10,13,.435,-6.10,-5.14,3,5,4,5,5,6,1517,1505,935,544,1369,.397,155,529,.293,262,373,.702,213,800,244,156,67,244,374
James Madison,21,8,13,.381,-8.86,-2.56,1,9,5,6,3,7,1546,1624,840,584,1345,.434,182,543,.335,274,376,.729,205,828,302,120,67,247,392
Kansas State,20,9,11,.450,8.70,6.55,2,5,8,3,1,4,1311,1268,805,439,1059,.415,132,412,.320,258,380,.679,206,704,218,149,80,332,350
Kansas,20,17,3,.850,25.90,11.12,6,1,8,1,6,1,1519,1208,805,439,1176,.373,149,507,.294,181,272,.665,202,647,238,131,58,276,343
Kennesaw State,21,1,20,.048,-22.26,-2.02,0,8,1,6,0,12,1183,1608,840,594,1236,.481,177,473,.374,243,365,.666,213,784,315,145,88,267,386
Kent State,21,15,6,.714,5.25,-1.44,5,3,9,1,5,3,1644,1448,850,509,1246,.409,149,442,.337,281,390,.721,233,749,261,106,48,308,370
Kentucky,20,16,4,.800,15.45,5.00,6,1,12,1,3,1,1509,1300,810,466,1199,.389,132,456,.289,236,354,.667,204,641,220,101,62,252,404
La Salle,20,10,10,.500,0.17,1.32,1,7,5,5,2,5,1378,1401,815,477,1139,.419,126,406,.310,321,449,.715,203,726,251,177,82,294,354
Lafayette,20,13,7,.650,-3.77,-5.56,5,4,6,3,7,4,1461,1387,800,533,1244,.428,142,440,.323,179,256,.699,194,677,228,121,38,184,273
Lamar,21,10,11,.476,-8.06,-5.11,4,6,6,4,4,7,1485,1430,850,508,1217,.417,159,474,.335,255,367,.695,255,779,282,158,83,380,379
Lehigh,21,5,16,.238,-11.72,-2.35,2,7,4,4,1,12,1422,1544,845,532,1216,.438,176,527,.334,304,416,.731,193,718,303,141,75,262,320
Liberty,23,20,3,.870,6.45,-6.17,6,2,10,0,4,3,1564,1194,920,425,1148,.370,128,447,.286,216,311,.695,165,678,186,107,39,284,364
Lipscomb,21,8,13,.381,-8.74,-3.53,3,5,5,4,3,9,1499,1525,845,558,1255,.445,183,512,.357,226,338,.669,225,776,273,128,86,293,334
Cal State Long Beach,22,7,15,.318,-8.63,3.12,2,4,5,4,1,9,1497,1685,880,606,1352,.448,193,561,.344,280,398,.704,261,827,355,193,63,339,395
Long Island University,21,10,11,.476,-7.05,-5.10,5,3,5,3,4,7,1639,1637,855,603,1379,.437,157,481,.326,274,382,.717,253,854,307,124,68,298,380
Longwood,22,7,15,.318,-13.58,-8.53,2,7,4,5,3,10,1485,1539,895,531,1230,.432,188,550,.342,289,439,.658,194,803,303,143,78,319,409
Louisiana,22,9,13,.409,-5.50,-0.50,4,7,6,5,2,7,1550,1627,885,581,1310,.444,173,534,.324,292,406,.719,223,792,306,155,62,314,408
Louisiana-Monroe,20,6,14,.300,-8.16,0.12,2,9,6,5,0,9,1251,1354,805,473,1125,.420,133,420,.317,275,383,.718,220,697,243,119,55,243,349
Louisiana State,20,16,4,.800,15.52,5.37,7,0,11,1,4,1,1602,1399,805,512,1249,.410,173,518,.334,202,286,.706,219,642,250,127,58,260,342
Louisiana Tech,21,16,5,.762,8.12,-2.98,7,2,10,1,6,4,1579,1282,840,448,1160,.386,146,451,.324,240,347,.692,210,716,232,105,54,333,349
Louisville,21,18,3,.857,18.41,5.69,9,1,12,1,5,1,1582,1315,850,462,1243,.372,150,512,.293,241,334,.722,220,698,218,127,64,243,365
Loyola (IL),22,14,8,.636,7.04,-0.24,6,3,9,2,3,4,1522,1338,885,489,1144,.427,176,504,.349,184,285,.646,163,657,256,144,66,354,373
Loyola Marymount,22,8,14,.364,-1.77,2.80,2,6,7,5,0,7,1439,1492,880,495,1126,.440,175,518,.338,327,445,.735,191,661,295,133,76,292,390
Loyola (MD),22,9,13,.409,-11.37,-6.61,1,8,5,3,3,10,1603,1676,890,596,1319,.452,179,508,.352,305,424,.719,227,791,334,146,70,293,437
Maine,21,6,15,.286,-13.55,-2.90,2,5,4,4,1,11,1287,1460,850,504,1134,.444,160,476,.336,292,395,.739,185,688,265,171,51,258,328
Manhattan,17,8,9,.471,-7.40,-6.34,4,4,4,3,4,6,1084,1102,690,356,890,.400,114,318,.358,276,409,.675,174,641,204,107,47,262,316
Marist,18,4,14,.222,-14.92,-7.09,3,6,2,6,2,8,1071,1212,735,394,942,.418,154,426,.362,270,375,.720,158,658,242,116,38,253,311
Marquette,21,15,6,.714,15.33,7.09,5,4,10,1,3,4,1647,1474,860,521,1306,.399,143,453,.316,289,449,.644,225,758,258,136,72,246,425
Marshall,22,10,12,.455,1.98,0.64,4,5,6,6,3,6,1651,1587,880,541,1333,.406,149,450,.331,356,514,.693,288,860,216,188,71,354,322
Maryland-Baltimore County,22,9,13,.409,-10.96,-4.18,2,5,7,4,2,7,1518,1486,885,507,1216,.417,173,539,.321,299,404,.740,198,765,251,148,68,314,410
Maryland-Eastern Shore,21,2,19,.095,-22.62,-1.42,1,5,2,4,0,15,1142,1520,845,528,1156,.457,158,448,.353,306,439,.697,217,832,303,160,73,310,307
Maryland,21,17,4,.810,18.82,8.77,7,3,12,0,2,4,1518,1307,840,480,1242,.386,153,476,.321,194,279,.695,202,703,266,123,81,268,401
Massachusetts-Lowell,22,8,14,.364,-8.96,-5.01,2,5,5,7,3,7,1659,1699,895,641,1398,.459,171,506,.338,246,356,.691,256,817,315,148,80,308,416
Massachusetts,21,9,12,.429,0.07,2.07,3,5,8,3,1,6,1482,1524,850,561,1233,.455,120,386,.311,282,408,.691,234,785,305,155,48,307,385
McNeese State,21,12,9,.571,-6.22,-4.58,7,3,9,2,3,7,1707,1524,845,552,1294,.427,181,523,.346,239,326,.733,234,671,299,165,58,312,387
Memphis,20,15,5,.750,13.05,2.95,4,3,10,2,4,2,1474,1272,800,433,1193,.363,132,438,.301,274,408,.672,230,702,228,151,57,324,384
Mercer,22,11,11,.500,-4.72,-3.12,5,4,6,4,5,5,1597,1570,880,559,1292,.433,166,503,.330,286,423,.676,216,708,285,158,57,289,356
Merrimack,22,14,8,.636,-7.53,-5.43,8,1,6,2,7,5,1387,1337,890,479,1111,.431,107,344,.311,270,384,.703,233,801,291,112,70,384,333
Miami (FL),20,11,9,.550,5.66,8.41,3,7,6,3,3,4,1434,1489,810,577,1260,.458,150,433,.346,185,268,.690,234,766,323,127,90,245,329
Miami (OH),20,9,11,.450,-4.47,-0.75,2,5,7,4,1,5,1492,1457,800,517,1177,.439,167,453,.369,256,395,.648,214,743,228,114,68,252,338
Michigan State,21,16,5,.762,22.86,8.24,8,2,10,1,3,2,1621,1314,840,473,1270,.372,126,465,.271,242,358,.676,215,681,270,122,74,243,374
Michigan,20,12,8,.600,16.21,9.06,3,6,8,3,1,5,1534,1391,815,528,1220,.433,105,326,.322,230,343,.671,187,705,205,100,47,239,314
Middle Tennessee,22,5,17,.227,-9.62,2.01,1,8,4,6,1,8,1571,1672,885,587,1277,.460,172,438,.393,326,463,.704,206,812,314,147,69,314,370
Milwaukee,21,10,11,.476,-6.73,-2.94,5,4,7,3,2,6,1520,1532,860,511,1161,.440,150,414,.362,360,501,.719,211,795,272,116,75,334,406
Minnesota,21,11,10,.524,15.27,11.18,5,6,9,2,1,7,1474,1388,850,508,1241,.409,126,379,.332,246,344,.715,227,751,266,120,71,244,360
Mississippi State,20,13,7,.650,13.75,5.90,4,3,9,2,2,3,1460,1303,800,469,1131,.415,132,426,.310,233,334,.698,209,606,235,140,62,248,367
Mississippi Valley State,19,1,18,.053,-30.08,-3.87,1,6,0,3,1,15,1261,1759,760,640,1318,.486,171,495,.345,308,455,.677,270,943,398,130,62,253,269
Mississippi,20,10,10,.500,5.53,4.53,1,6,7,4,1,5,1376,1356,810,462,1085,.426,116,388,.299,316,429,.737,180,687,248,136,74,282,381
Missouri-Kansas City,22,11,11,.500,-5.67,-0.20,3,4,7,2,2,7,1569,1489,900,496,1165,.426,121,394,.307,376,494,.761,201,766,247,136,103,336,358
Missouri State,22,10,12,.455,0.27,0.37,4,5,7,3,2,7,1477,1479,880,528,1253,.421,163,491,.332,260,366,.710,188,703,243,139,68,260,359
Missouri,20,10,10,.500,8.51,4.56,2,5,8,3,1,5,1331,1252,805,411,1031,.399,120,403,.298,310,413,.751,187,668,212,118,70,305,364
Monmouth,20,12,8,.600,-5.26,-4.61,6,3,7,0,4,7,1398,1411,800,471,1106,.426,149,426,.350,320,452,.708,200,761,240,119,64,312,375
Montana State,20,11,9,.550,-3.94,-1.94,5,4,5,3,4,6,1351,1318,800,472,1171,.403,133,471,.282,241,342,.705,182,677,233,128,66,221,351
Montana,21,11,10,.524,-1.18,0.08,7,3,8,1,3,9,1455,1467,850,497,1160,.428,123,361,.341,350,487,.719,189,746,235,138,66,300,347
Morehead State,22,10,12,.455,-10.68,-6.58,4,5,9,2,1,10,1538,1516,890,546,1312,.416,168,520,.323,256,366,.699,232,802,267,128,116,287,364
Morgan State,23,11,12,.478,-12.49,-6.84,5,3,6,3,5,6,1623,1649,935,523,1280,.409,149,489,.305,454,651,.697,258,828,266,159,67,340,446
Mount St. Mary's,21,9,12,.429,-7.16,-5.76,5,3,7,3,2,9,1345,1356,855,489,1170,.418,144,435,.331,234,325,.720,191,736,256,118,74,256,369
Murray State,21,16,5,.762,1.74,-6.79,9,0,11,0,4,3,1633,1370,850,478,1185,.403,152,443,.343,262,386,.679,176,630,228,123,80,273,402
Navy,20,12,8,.600,-4.94,-5.94,6,3,8,3,4,5,1285,1235,815,450,1063,.423,146,446,.327,189,278,.680,165,613,251,118,83,238,353
Omaha,22,12,10,.545,-4.14,-0.10,5,2,10,0,2,9,1610,1676,890,603,1358,.444,195,536,.364,275,383,.718,231,799,326,127,77,256,362
Nebraska,21,7,14,.333,4.07,7.35,2,8,5,6,0,7,1514,1583,860,612,1402,.437,170,548,.310,189,287,.659,286,955,300,112,109,296,363
Nevada-Las Vegas,22,11,11,.500,4.98,3.11,6,3,9,5,2,5,1576,1535,910,505,1212,.417,184,540,.341,341,458,.745,187,678,301,147,80,263,409
Nevada,22,13,9,.591,8.83,4.69,6,4,9,2,1,6,1676,1585,880,533,1319,.404,155,545,.284,362,505,.717,220,798,266,95,55,236,366
New Hampshire,20,10,10,.500,-8.80,-6.08,3,4,7,2,3,8,1384,1315,810,453,1146,.395,144,438,.329,265,395,.671,151,697,200,134,52,261,352
New Mexico State,22,16,6,.727,2.95,-2.30,7,0,8,1,5,3,1558,1333,885,471,1115,.422,132,405,.326,259,344,.753,153,620,224,145,46,326,411
New Mexico,23,16,7,.696,3.07,0.80,5,5,13,1,2,5,1817,1746,920,647,1455,.445,220,630,.349,232,343,.676,265,809,389,168,61,337,469
New Orleans,21,6,15,.286,-13.39,-1.39,2,9,5,6,1,9,1593,1615,840,577,1189,.485,137,398,.344,322,439,.733,208,716,324,139,89,355,402
Niagara,19,6,13,.316,-10.43,-2.16,4,4,4,2,2,11,1265,1422,765,514,1109,.463,173,467,.370,221,301,.734,229,756,316,95,64,269,289
Nicholls State,22,14,8,.636,-3.71,-3.88,8,3,8,1,5,6,1683,1494,890,520,1232,.422,127,433,.293,328,470,.698,250,814,281,155,61,428,360
NJIT,21,7,14,.333,-10.22,-4.72,4,4,4,4,3,10,1356,1438,840,517,1159,.446,147,429,.343,257,359,.716,175,732,271,112,73,255,336
Norfolk State,21,10,11,.476,-6.56,-5.79,6,0,7,2,2,8,1474,1357,845,455,1136,.401,138,465,.297,309,421,.734,206,720,283,121,61,334,360
North Alabama,21,10,11,.476,-8.30,-4.93,5,3,7,2,3,9,1434,1439,840,504,1180,.427,120,380,.316,311,458,.679,211,741,213,116,72,298,399
North Carolina-Asheville,20,9,11,.450,-8.52,-7.47,3,6,5,5,4,6,1527,1480,805,541,1070,.506,119,318,.374,279,423,.660,181,730,278,96,58,364,351
North Carolina A&T,22,10,12,.455,-9.63,-4.44,6,1,6,1,3,9,1553,1600,890,547,1338,.409,159,544,.292,347,539,.644,275,907,289,150,76,349,433
North Carolina Central,20,8,12,.400,-11.29,-5.05,4,2,6,0,2,12,1348,1304,805,460,1115,.413,135,443,.305,249,358,.696,236,704,229,132,58,369,320
North Carolina-Greensboro,22,17,5,.773,7.90,-1.00,7,2,10,3,7,2,1614,1306,890,445,1089,.409,144,440,.327,272,415,.655,183,734,213,128,52,418,355
North Carolina State,21,14,7,.667,11.08,4.70,5,5,11,2,3,4,1570,1436,845,508,1204,.422,134,417,.321,286,416,.688,225,773,237,132,79,297,349
North Carolina-Wilmington,23,7,16,.304,-10.32,-0.27,2,8,5,6,1,9,1603,1668,930,609,1378,.442,179,524,.342,271,394,.688,242,854,298,145,60,304,374
North Carolina,20,10,10,.500,8.83,8.03,3,6,5,5,2,4,1431,1415,815,500,1219,.410,174,523,.333,241,331,.728,169,681,270,143,78,228,372
North Dakota State,22,15,7,.682,0.55,-3.85,6,2,9,1,5,5,1609,1427,880,532,1241,.429,136,393,.346,227,307,.739,135,701,204,108,60,237,355
North Dakota,23,10,13,.435,-6.60,-1.30,4,5,6,1,3,11,1738,1695,920,622,1402,.444,167,450,.371,284,396,.717,208,756,286,164,68,252,416
North Florida,23,13,10,.565,-1.81,-0.90,6,2,8,1,4,8,1779,1714,920,657,1418,.463,123,368,.334,277,394,.703,252,834,352,141,69,273,336
North Texas,22,14,8,.636,8.79,2.54,8,1,10,2,4,4,1567,1365,880,457,1117,.409,133,413,.322,318,446,.713,195,651,222,161,73,319,371
Northeastern,22,11,11,.500,2.32,-3.59,5,5,4,5,6,4,1596,1466,885,539,1184,.455,133,433,.307,255,363,.702,168,665,216,121,49,280,338
Northern Arizona,18,11,7,.611,-2.70,-1.39,5,4,6,2,4,5,1301,1212,720,441,985,.448,119,354,.336,211,290,.728,147,589,217,106,50,253,309
Northern Colorado,20,13,7,.650,4.41,-2.48,6,3,8,1,3,5,1486,1251,810,493,1128,.437,79,275,.287,186,272,.684,151,669,160,92,70,238,311
Northern Illinois,21,12,9,.571,-2.31,-2.86,5,3,7,3,5,6,1410,1351,840,476,1206,.395,156,525,.297,243,335,.725,188,730,244,114,72,240,356
Northern Iowa,21,18,3,.857,11.94,2.73,7,2,12,0,5,2,1622,1366,850,507,1223,.415,149,455,.327,203,303,.670,182,631,205,153,44,229,333
Northern Kentucky,21,14,7,.667,1.32,-3.42,6,3,8,2,6,5,1550,1380,850,513,1229,.417,118,419,.282,236,363,.650,243,770,277,121,45,308,382
Northwestern State,19,8,11,.421,-12.58,-5.08,5,5,5,3,3,8,1380,1426,765,471,1176,.401,143,422,.339,341,471,.724,233,711,266,167,45,254,342
Northwestern,20,6,14,.300,5.58,8.23,1,9,4,7,1,6,1310,1363,800,481,1153,.417,161,482,.334,240,326,.736,200,721,317,118,69,226,320
Notre Dame,20,12,8,.600,10.91,2.96,3,6,10,3,2,4,1532,1373,805,522,1267,.412,159,458,.347,168,248,.677,230,774,274,108,60,255,319
Oakland,22,7,15,.318,-6.67,-1.10,2,7,3,5,2,8,1424,1513,890,543,1301,.417,199,609,.327,228,332,.687,240,791,334,162,65,276,417
Ohio State,20,13,7,.650,18.95,7.35,3,6,9,2,2,4,1461,1229,800,433,1138,.380,138,424,.325,225,346,.650,200,641,202,95,53,251,382
Ohio,21,10,11,.476,-2.31,-0.21,2,6,6,5,3,4,1497,1460,840,514,1193,.431,152,451,.337,280,366,.765,190,704,241,134,52,266,380
Oklahoma State,20,10,10,.500,10.37,8.82,0,7,5,6,3,3,1332,1301,800,442,1123,.394,158,519,.304,259,354,.732,201,733,269,124,72,293,346
Oklahoma,20,13,7,.650,11.35,8.20,3,4,8,1,2,5,1418,1355,800,496,1250,.397,174,549,.317,189,263,.719,204,775,233,116,49,234,341
Old Dominion,22,9,13,.409,0.15,0.24,5,4,7,3,2,7,1398,1400,880,465,1168,.398,175,529,.331,295,423,.697,171,742,260,105,88,282,334
Oral Roberts,21,11,10,.524,1.67,0.37,4,4,8,1,3,9,1651,1510,840,551,1245,.443,168,488,.344,240,346,.694,197,721,287,105,74,279,361
Oregon State,21,13,8,.619,8.98,3.08,3,6,8,3,3,4,1557,1433,840,508,1182,.430,148,430,.344,269,366,.735,205,706,278,119,68,273,408
Oregon,22,18,4,.818,18.14,8.19,7,2,12,0,4,2,1707,1488,910,514,1295,.397,171,531,.322,289,392,.737,255,745,258,91,82,295,360
Pacific,24,16,8,.667,2.56,-0.63,4,4,11,3,4,4,1685,1555,995,517,1253,.413,168,480,.350,353,500,.706,155,673,218,135,59,301,445
Penn State,20,15,5,.750,16.66,6.51,5,4,11,1,2,3,1539,1336,800,464,1189,.390,133,408,.326,275,397,.693,221,754,235,111,56,294,360
Pennsylvania,15,8,7,.533,0.80,1.52,0,2,3,2,3,4,1142,1104,600,414,959,.432,99,284,.349,177,253,.700,157,570,177,117,44,186,234
Pepperdine,22,11,11,.500,1.52,2.52,4,4,7,3,4,5,1698,1720,885,601,1288,.467,188,480,.392,330,462,.714,213,787,359,145,64,310,436
Pittsburgh,21,13,8,.619,8.97,5.45,4,6,9,4,2,4,1395,1321,845,483,1173,.412,156,472,.331,199,291,.684,256,758,272,110,78,328,389
Portland State,23,11,12,.478,-2.73,-1.97,5,6,7,2,3,10,1786,1724,920,646,1374,.470,138,414,.333,294,412,.714,250,803,367,128,79,332,407
Portland,23,9,14,.391,-5.30,0.55,1,7,7,5,2,5,1563,1614,920,597,1408,.424,189,574,.329,231,368,.628,267,854,363,155,59,299,429
Prairie View,20,10,10,.500,-4.21,-2.93,6,1,6,0,3,9,1442,1412,805,464,1048,.443,128,421,.304,356,507,.702,182,676,236,120,73,369,405
Presbyterian,22,8,14,.364,-14.70,-5.60,5,4,5,4,3,8,1459,1588,885,548,1242,.441,204,558,.366,288,408,.706,213,744,284,162,72,271,352
Princeton,15,7,8,.467,-3.41,-0.83,2,0,3,4,2,3,1093,1083,605,399,848,.471,89,263,.338,196,257,.763,118,461,170,103,46,178,258
Providence,21,11,10,.524,9.86,5.77,4,4,8,3,2,4,1487,1401,845,487,1149,.424,139,420,.331,288,413,.697,205,772,255,144,79,330,395
Purdue,21,11,10,.524,15.58,8.58,4,6,9,2,1,6,1417,1270,865,454,1118,.406,128,453,.283,234,339,.690,187,687,264,107,82,299,340
Quinnipiac,18,10,8,.556,-6.19,-6.75,5,3,7,2,2,5,1268,1258,720,467,1138,.410,138,407,.339,186,259,.718,196,646,267,116,57,181,305
Radford,21,12,9,.571,-1.96,-2.64,7,2,6,2,5,6,1466,1357,840,467,1146,.408,159,513,.310,264,392,.673,208,710,245,91,67,243,373
Rhode Island,20,15,5,.750,10.53,4.63,7,1,9,1,5,3,1484,1366,805,502,1233,.407,139,475,.293,223,325,.686,231,772,253,115,63,308,364
Rice,22,9,13,.409,-6.17,-0.17,1,8,5,5,2,7,1603,1665,880,628,1369,.459,157,502,.313,252,361,.698,217,825,282,145,72,267,374
Richmond,21,15,6,.714,9.15,3.15,5,3,9,2,5,2,1592,1466,850,519,1229,.422,152,494,.308,276,394,.701,224,772,235,128,69,290,315
Rider,19,11,8,.579,-4.09,-5.20,5,4,5,1,4,7,1385,1364,760,493,1125,.438,175,499,.351,203,299,.679,160,635,273,126,68,264,387
Robert Morris,22,11,11,.500,-5.30,-4.96,7,2,6,2,4,9,1524,1491,880,540,1199,.450,132,443,.298,279,399,.699,209,765,291,138,84,330,330
Rutgers,21,16,5,.762,16.21,7.11,7,3,15,0,1,4,1503,1276,840,458,1217,.376,145,482,.301,215,305,.705,211,705,246,129,76,295,383
Sacramento State,18,11,7,.611,-2.33,-1.77,4,5,8,0,2,7,1095,1019,720,358,921,.389,80,269,.297,223,286,.780,152,567,179,102,56,251,305
Sacred Heart,22,13,9,.591,-5.38,-8.10,6,3,5,2,7,6,1635,1534,880,580,1401,.414,148,472,.314,226,331,.683,257,765,319,151,77,257,417
Saint Francis (PA),21,13,8,.619,-4.85,-6.60,6,4,7,2,5,6,1635,1551,845,560,1228,.456,170,472,.360,261,367,.711,197,694,270,135,76,301,401
Saint Joseph's,21,4,17,.190,-5.71,5.63,0,8,2,7,2,7,1474,1712,845,616,1325,.465,165,454,.363,315,428,.736,206,822,301,151,88,210,362
Saint Louis,21,16,5,.762,8.25,2.35,5,3,11,2,3,2,1496,1365,855,466,1170,.398,144,440,.327,289,423,.683,204,733,231,138,73,302,393
Saint Mary's (CA),23,19,4,.826,13.37,2.96,6,2,11,2,4,1,1774,1494,950,561,1290,.435,133,420,.317,239,329,.726,183,695,199,91,67,284,382
Saint Peter's,18,8,10,.444,-5.74,-5.52,5,4,5,3,3,7,1161,1165,725,383,955,.401,118,348,.339,281,397,.708,178,592,221,145,90,271,317
Sam Houston State,21,15,6,.714,-1.24,-5.54,8,2,10,1,5,5,1699,1490,860,486,1202,.404,162,513,.316,356,485,.734,206,738,265,141,63,396,385
Samford,23,8,15,.348,-11.24,-0.84,2,7,6,5,2,10,1730,1841,930,671,1496,.449,235,683,.344,264,384,.688,294,886,419,169,76,341,436
San Diego State,22,22,0,1.000,19.02,2.45,11,0,11,0,8,0,1650,1258,880,430,1167,.368,130,481,.270,266,372,.715,199,696,222,118,45,322,385
San Diego,23,8,15,.348,-3.67,3.05,1,7,5,6,3,6,1508,1630,925,592,1344,.440,149,451,.330,297,425,.699,199,796,286,162,68,311,415
San Francisco,23,16,7,.696,8.01,2.05,5,3,10,3,5,4,1775,1593,930,577,1292,.447,144,382,.377,295,402,.734,184,737,234,146,69,303,392
San Jose State,22,7,15,.318,-6.74,4.88,3,7,6,6,1,8,1536,1755,880,633,1356,.467,167,464,.360,322,470,.685,227,861,395,163,57,276,420
Santa Clara,23,17,6,.739,2.87,-0.32,4,4,15,2,2,4,1773,1614,925,550,1340,.410,148,437,.339,366,517,.708,236,826,283,164,68,348,419
Seattle,22,11,11,.500,-4.07,-4.02,4,3,7,3,2,7,1638,1571,895,533,1273,.419,141,467,.302,364,502,.725,203,795,258,123,65,304,444
Seton Hall,20,16,4,.800,18.38,8.23,8,0,9,1,5,2,1498,1295,800,455,1180,.386,115,393,.293,270,390,.692,233,730,218,142,73,304,377
Siena,18,9,9,.500,-3.50,-4.44,5,4,9,0,0,9,1308,1291,735,471,1048,.449,133,387,.344,216,296,.730,145,585,216,100,67,231,333
South Alabama,23,12,11,.522,-0.81,0.04,5,7,7,5,3,5,1644,1575,925,563,1303,.432,197,566,.348,252,357,.706,238,767,304,123,85,320,409
South Carolina State,19,9,10,.474,-14.12,-6.29,4,3,6,2,3,8,1345,1439,770,524,1115,.470,149,424,.351,242,358,.676,176,627,253,109,61,231,350
South Carolina Upstate,22,9,13,.409,-12.40,-4.50,4,5,6,3,3,10,1518,1617,880,543,1184,.459,168,473,.355,363,491,.739,199,780,269,131,71,309,364
South Carolina,20,12,8,.600,8.56,4.61,4,3,7,4,5,2,1424,1345,800,411,1063,.387,131,442,.296,392,547,.717,194,690,226,114,69,302,392
South Dakota State,24,16,8,.667,2.96,-3.18,7,2,12,0,4,8,1854,1678,970,628,1495,.420,162,539,.301,260,387,.672,264,821,254,151,81,267,445
South Dakota,23,15,8,.652,-1.25,-3.54,6,3,10,1,3,6,1811,1712,920,625,1363,.459,166,460,.361,296,402,.736,174,734,257,118,63,249,465
South Florida,21,9,12,.429,3.82,3.34,2,6,7,4,1,4,1307,1297,845,462,1033,.447,148,424,.349,225,337,.668,147,638,246,140,65,339,365
Southeast Missouri State,22,4,18,.182,-14.35,-2.50,0,9,3,5,0,12,1444,1665,885,605,1237,.489,169,447,.378,286,423,.676,198,802,349,115,80,282,412
Southeastern Louisiana,21,6,15,.286,-15.22,-3.00,3,7,4,4,2,10,1408,1609,850,558,1203,.464,140,438,.320,353,483,.731,240,827,312,159,75,367,376
Southern California,21,17,4,.810,11.07,4.74,6,2,9,1,5,2,1533,1400,855,505,1303,.388,161,497,.324,229,340,.674,228,730,254,171,59,281,413
SIU Edwardsville,22,5,17,.227,-15.62,-5.57,2,7,3,6,2,11,1479,1623,880,541,1212,.446,177,505,.350,364,484,.752,211,775,347,132,60,311,364
Southern Illinois,22,12,10,.545,0.88,-0.21,6,3,10,1,1,7,1378,1327,880,499,1186,.421,129,434,.297,200,301,.664,219,765,265,143,59,305,350
Southern Methodist,20,15,5,.750,8.58,0.88,5,3,11,1,4,4,1497,1343,815,481,1175,.409,171,500,.342,210,288,.729,200,644,292,141,61,244,348
Southern Mississippi,22,6,16,.273,-6.44,4.40,2,7,5,5,1,8,1472,1621,880,540,1222,.442,199,558,.357,342,455,.752,210,745,291,158,57,288,320
Southern Utah,20,12,8,.600,2.01,-2.22,5,4,6,3,5,5,1480,1274,815,444,1151,.386,112,380,.295,274,390,.703,173,643,208,122,80,279,362
Southern,21,8,13,.381,-12.68,-5.57,5,3,5,1,2,12,1424,1476,845,502,1104,.455,124,379,.327,348,515,.676,177,672,231,132,63,282,357
St. Bonaventure,21,13,8,.619,2.46,0.76,5,3,5,3,5,5,1421,1362,845,466,1135,.411,163,494,.330,267,388,.688,193,702,277,120,58,276,345
St. Francis (NY),21,10,11,.476,-11.47,-7.37,4,5,8,1,2,10,1474,1492,840,533,1207,.442,141,387,.364,285,416,.685,198,762,245,121,58,291,354
St. John's (NY),22,13,9,.591,9.99,4.72,2,7,10,4,1,4,1645,1529,880,515,1304,.395,171,541,.316,328,490,.669,272,903,295,117,97,385,393
Stanford,20,15,5,.750,13.99,2.59,4,3,11,2,2,2,1422,1194,805,432,1117,.387,122,413,.295,208,324,.642,208,685,199,122,74,326,355
Stephen F. Austin,21,18,3,.857,4.07,-5.66,9,1,10,1,8,2,1699,1408,845,444,1043,.426,150,416,.361,370,514,.720,177,629,245,160,79,480,448
Stetson,23,11,12,.478,-10.92,-5.11,5,3,5,5,5,6,1463,1515,925,526,1295,.406,214,633,.338,249,362,.688,226,737,323,130,70,266,399
Stony Brook,22,14,8,.636,0.56,-3.16,5,2,6,2,6,6,1578,1453,890,512,1323,.387,184,539,.341,245,350,.700,232,786,292,138,60,297,368
Syracuse,21,13,8,.619,12.28,5.28,6,4,9,4,4,2,1538,1391,845,480,1224,.392,190,621,.306,241,335,.719,248,755,356,128,54,273,342
Temple,20,10,10,.500,7.31,5.11,2,6,5,4,3,4,1354,1310,800,463,1189,.389,149,523,.285,235,339,.693,209,765,261,139,90,277,332
Tennessee-Martin,20,6,14,.300,-12.83,-0.50,2,7,3,4,2,8,1545,1689,800,624,1234,.506,207,507,.408,234,336,.696,226,711,367,138,60,258,361
Tennessee State,22,13,9,.591,-5.67,-5.37,5,4,8,1,3,8,1650,1607,880,533,1270,.420,165,487,.339,376,504,.746,211,699,239,130,52,282,386
Tennessee Tech,22,5,17,.227,-15.24,-2.94,2,7,3,7,2,8,1430,1624,885,602,1288,.467,179,495,.362,241,343,.703,204,770,346,170,72,295,282
Tennessee,20,12,8,.600,11.89,5.69,4,3,8,4,2,3,1323,1199,800,425,1125,.378,115,381,.302,234,347,.674,215,687,193,150,61,264,371
Texas A&M-Corpus Christi,22,9,13,.409,-10.41,-5.16,5,6,6,4,3,9,1394,1461,880,497,1215,.409,140,459,.305,327,447,.732,213,703,263,179,79,267,385
Texas A&M,19,10,9,.526,2.10,4.05,4,3,7,4,3,1,1163,1200,765,420,1059,.397,159,524,.303,201,272,.739,205,662,270,120,64,270,351
Texas-Arlington,22,9,13,.409,3.64,3.34,5,6,4,5,5,7,1557,1500,880,522,1282,.407,147,475,.309,309,450,.687,240,833,269,106,72,270,357
Texas Christian,20,13,7,.650,11.59,6.43,4,3,11,3,1,3,1380,1261,810,455,1073,.424,138,388,.356,213,321,.664,186,659,304,109,62,321,309
Texas-El Paso,22,13,9,.591,0.41,-0.12,4,5,11,1,1,7,1504,1437,885,501,1222,.410,133,445,.299,302,426,.709,200,759,226,138,50,311,403
Texas-Rio Grande Valley,20,6,14,.300,-8.38,-1.80,2,5,6,3,0,9,1431,1423,810,478,1016,.470,130,351,.370,337,478,.705,167,700,290,113,49,352,350
Texas-San Antonio,22,10,12,.455,-2.79,0.69,4,5,8,2,2,6,1725,1691,890,594,1332,.446,170,509,.334,333,480,.694,214,829,267,125,69,318,384
Texas Southern,20,9,11,.450,-7.54,-0.12,6,1,6,1,3,10,1416,1519,810,536,1258,.426,150,447,.336,297,413,.719,241,784,273,154,80,303,413
Texas State,22,13,9,.591,3.38,-0.57,6,5,9,3,4,6,1586,1397,880,465,1167,.398,152,442,.344,315,428,.736,229,766,233,111,77,334,422
Texas Tech,20,13,7,.650,15.78,5.68,4,3,10,2,1,3,1471,1269,815,436,1087,.401,126,394,.320,271,392,.691,192,667,207,123,54,344,403
Texas,20,13,7,.650,9.53,6.98,3,4,8,3,3,3,1319,1268,800,464,1112,.417,102,308,.331,238,368,.647,229,713,204,130,52,280,272
Toledo,21,11,10,.524,2.67,-0.88,3,5,6,4,5,6,1618,1488,845,535,1306,.410,166,484,.343,252,347,.726,243,769,256,142,71,260,386
Towson,22,13,9,.591,0.32,-1.30,7,3,7,3,4,3,1552,1449,890,503,1258,.400,161,525,.307,282,387,.729,216,721,256,106,63,257,387
Troy,23,8,15,.348,-8.68,-1.54,4,8,6,5,2,10,1587,1659,930,566,1315,.430,180,535,.336,347,501,.693,259,884,318,160,79,348,401
Tulane,20,10,10,.500,0.79,0.79,2,6,6,3,2,3,1374,1374,805,500,1113,.449,170,494,.344,204,300,.680,204,760,313,97,59,334,359
Tulsa,20,14,6,.700,8.60,1.60,6,1,10,1,4,4,1425,1285,820,453,1162,.390,149,528,.282,230,328,.701,213,703,246,147,71,288,367
UCLA,21,11,10,.524,6.05,6.05,4,4,8,4,2,3,1461,1435,845,477,1101,.433,156,417,.374,325,446,.729,171,639,219,118,72,276,401
Utah State,23,17,6,.739,13.70,3.70,6,4,11,1,2,4,1788,1465,935,525,1342,.391,162,539,.301,253,365,.693,193,741,239,154,80,309,460
Utah Valley,23,9,14,.391,-8.34,-4.04,3,5,4,5,5,9,1585,1608,925,575,1376,.418,133,417,.319,325,436,.745,212,832,268,127,86,291,429
Utah,20,12,8,.600,9.23,6.18,3,5,8,1,1,5,1484,1423,805,541,1244,.435,155,441,.351,186,260,.715,204,667,274,125,81,240,406
Valparaiso,22,11,11,.500,-0.04,0.72,4,5,7,1,3,7,1612,1601,890,586,1231,.476,153,415,.369,276,397,.695,183,775,304,139,60,351,359
Vanderbilt,20,8,12,.400,1.88,3.28,0,7,8,6,0,5,1447,1475,810,526,1133,.464,130,375,.347,293,406,.722,199,726,262,114,60,292,402
Vermont,22,16,6,.727,6.23,-3.05,6,1,7,2,8,3,1531,1287,880,440,1194,.369,147,483,.304,260,366,.710,195,738,219,131,58,287,382
Villanova,20,17,3,.850,16.71,7.96,7,1,10,0,4,2,1491,1316,805,511,1179,.433,114,381,.299,180,260,.692,184,680,240,123,72,243,336
Virginia Commonwealth,21,16,5,.762,12.69,2.35,6,2,12,1,4,2,1527,1310,840,465,1153,.403,128,399,.321,252,354,.712,217,757,233,144,67,374,365
VMI,23,6,17,.261,-7.99,-3.04,1,9,5,6,0,10,1661,1600,940,566,1282,.441,170,498,.341,298,425,.701,218,803,308,128,72,318,336
Virginia Tech,21,14,7,.667,10.60,3.08,5,5,10,2,3,3,1488,1330,850,494,1213,.407,164,529,.310,178,271,.657,181,752,263,87,56,260,310
Virginia,20,14,6,.700,10.93,5.38,6,4,9,3,3,3,1125,1014,810,362,1011,.358,131,445,.294,159,235,.677,158,609,171,146,46,257,286
Wagner,20,5,15,.250,-13.80,-3.96,2,7,3,5,2,10,1385,1542,810,500,1101,.454,175,464,.377,367,526,.698,194,719,292,133,66,264,369
Wake Forest,20,9,11,.450,5.50,6.60,2,8,5,4,1,6,1448,1470,810,526,1203,.437,144,438,.329,274,410,.668,193,698,258,156,75,221,411
Washington State,22,13,9,.591,4.65,1.38,4,5,10,2,1,5,1563,1491,885,558,1228,.454,118,377,.313,257,372,.691,181,804,246,108,78,350,402
Washington,22,12,10,.545,13.21,7.03,2,7,9,4,1,4,1542,1406,890,505,1350,.374,155,507,.306,241,354,.681,284,776,305,151,39,297,408
Weber State,21,8,13,.381,-7.95,0.55,4,6,5,4,3,5,1497,1483,850,566,1273,.445,149,433,.344,202,291,.694,188,732,307,125,55,268,345
West Virginia,20,16,4,.800,21.19,9.09,4,3,10,0,3,4,1473,1231,800,405,1108,.366,117,430,.272,304,426,.714,207,651,191,149,58,323,451
Western Carolina,20,13,7,.650,-0.44,-1.72,5,4,8,2,5,5,1599,1491,810,539,1238,.435,140,475,.295,273,383,.713,193,672,242,133,71,258,391
Western Illinois,19,5,14,.263,-13.61,-2.90,2,7,4,7,1,7,1430,1534,765,551,1174,.469,153,417,.367,279,377,.740,163,739,223,90,54,222,290
Western Kentucky,21,14,7,.667,4.46,0.76,7,2,9,1,3,4,1609,1492,850,569,1310,.434,152,498,.305,202,272,.743,238,749,259,114,58,292,389
Western Michigan,20,9,11,.450,-6.03,-0.36,2,5,7,2,2,7,1428,1461,815,532,1224,.435,147,462,.318,250,367,.681,228,770,251,111,56,239,406
Wichita State,20,17,3,.850,14.60,3.75,5,2,13,1,3,1,1491,1274,810,423,1101,.384,115,383,.300,313,446,.702,180,700,196,122,89,322,415
William & Mary,23,16,7,.696,-1.07,-2.98,8,2,8,1,8,5,1668,1566,920,574,1373,.418,153,468,.327,265,373,.710,200,740,247,153,68,239,367
Winthrop,22,15,7,.682,2.85,-4.30,9,0,8,2,7,5,1778,1547,895,523,1232,.425,155,483,.321,346,518,.668,203,752,274,150,72,347,439
Wisconsin,21,12,9,.571,14.28,9.42,5,5,9,1,3,5,1392,1290,845,475,1156,.411,128,385,.332,212,306,.693,184,705,227,105,61,247,346
Wofford,22,14,8,.636,0.36,-2.09,6,3,9,1,5,7,1599,1481,890,525,1213,.433,170,527,.323,261,370,.705,186,700,278,126,50,286,346
Wright State,22,18,4,.818,4.03,-6.17,8,1,10,2,6,1,1793,1533,890,577,1398,.413,138,459,.301,241,345,.699,255,809,226,131,65,312,435
Wyoming,22,5,17,.227,-4.84,4.25,0,10,4,10,1,5,1304,1481,895,519,1209,.429,165,514,.321,278,415,.670,210,814,250,148,59,266,394
Xavier,21,13,8,.619,11.24,7.38,2,6,10,3,1,4,1507,1426,865,498,1240,.402,134,447,.300,296,403,.734,220,762,244,136,68,289,384
Yale,18,14,4,.778,7.68,-0.26,2,0,5,0,7,4,1362,1128,750,402,1105,.364,121,433,.279,203,279,.728,174,619,203,125,59,228,315
Youngstown State,23,12,11,.522,-6.70,-3.99,5,5,9,3,3,8,1667,1650,935,601,1390,.432,160,463,.346,288,416,.692,248,838,301,127,76,288,401
