Rk,School,Conf,,AP Rank,W,L,Pts,Opp,MOV,,SOS,,OSRS,DSRS,SRS,ORtg,DRtg,NRtg
1,Kansas,Big 12,,3,17,3,76.0,60.4,15.55,,11.12,,11.65,14.25,25.90,118.41,80.55,37.87
2,Duke,ACC,,9,17,3,82.7,64.1,18.65,,7.15,,15.39,10.40,25.80,118.72,81.44,37.28
3,Gonzaga,WCC,,2,22,1,88.9,66.7,22.22,,1.19,,19.24,4.17,23.41,121.34,88.96,32.39
4,Michigan State,Big Ten,,14,16,5,77.2,62.6,14.62,,8.24,,12.75,10.11,22.86,115.88,83.30,32.59
5,Arizona,Pac-12,,,14,6,80.5,66.1,14.40,,7.46,,12.81,9.06,21.86,116.15,84.90,31.25
6,West Virginia,Big 12,,12,16,4,73.7,61.6,12.10,,9.09,,9.45,11.74,21.19,111.54,79.95,31.59
7,Baylor,Big 12,,1,18,1,72.4,58.3,14.05,,6.18,,5.11,15.13,20.24,110.78,80.73,30.06
8,Dayton,A-10,,7,19,2,82.7,66.1,16.62,,3.49,,13.60,6.51,20.11,118.89,88.76,30.14
9,San Diego State,MWC,,4,22,0,75.0,57.2,17.82,,2.45,,4.13,14.88,19.02,111.74,82.68,29.06
10,Ohio State,Big Ten,,,13,7,73.1,61.5,11.60,,7.35,,6.71,12.24,18.95,112.87,84.33,28.54
11,Maryland,Big Ten,,15,17,4,72.3,62.2,10.05,,8.77,,7.06,11.76,18.82,111.91,84.22,27.69
12,Louisville,ACC,,6,18,3,75.3,62.6,12.71,,5.69,,8.06,10.35,18.41,115.58,86.97,28.61
13,Seton Hall,Big East,,10,16,4,74.9,64.8,10.15,,8.23,,8.36,10.02,18.38,110.83,84.10,26.73
14,Oregon,Pac-12,,11,18,4,77.6,67.6,9.95,,8.19,,11.46,6.68,18.14,118.05,91.41,26.64
15,Colorado,Pac-12,,20,16,5,71.9,62.2,9.71,,7.41,,6.33,10.79,17.12,109.13,84.04,25.09
16,Iowa,Big Ten,,18,15,6,79.2,70.4,8.76,,8.30,,13.59,3.47,17.06,117.85,92.24,25.61
17,Villanova,Big East,,8,17,3,74.6,65.8,8.75,,7.96,,7.94,8.77,16.71,113.63,89.19,24.45
18,Penn State,Big Ten,,24,15,5,77.0,66.8,10.15,,6.51,,10.23,6.43,16.66,109.85,86.16,23.70
19,Brigham Young,WCC,,,16,7,79.8,69.0,10.87,,6.76,,12.14,4.39,16.53,116.43,91.22,25.20
20,Butler,Big East,,16,17,4,69.3,59.6,9.71,,6.74,,3.05,13.40,16.45,110.94,85.18,25.76
21,Illinois,Big Ten,,19,16,5,74.6,63.9,10.76,,7.54,,6.79,9.46,16.24,111.29,86.80,24.49
22,Michigan,Big Ten,,,12,8,76.7,69.6,7.15,,9.06,,8.64,7.58,16.21,111.65,87.88,23.77
23,Rutgers,Big Ten,,25,16,5,71.6,60.8,10.81,,7.11,,3.97,12.24,16.21,107.48,82.87,24.61
24,Florida State,ACC,,5,17,3,75.0,64.5,10.55,,5.27,,9.37,6.44,15.82,110.40,86.96,23.44
25,Texas Tech,Big 12,,,13,7,73.6,63.5,10.10,,5.68,,5.00,10.77,15.78,107.52,84.22,23.30
26,Arkansas,SEC,,,15,5,74.3,64.0,10.30,,5.28,,6.41,9.16,15.58,105.28,82.44,22.84
27,Purdue,Big Ten,,,11,10,67.5,60.5,7.00,,8.58,,2.22,13.36,15.58,108.12,83.68,24.44
28,Louisiana State,SEC,,22,16,4,80.1,70.0,10.15,,5.37,,14.05,1.47,15.52,117.28,94.14,23.14
29,Kentucky,SEC,,13,16,4,75.5,65.0,10.45,,5.00,,7.57,7.88,15.45,110.88,88.09,22.79
30,Auburn,SEC,,17,18,2,79.3,68.6,10.70,,4.63,,9.43,5.90,15.33,109.81,87.66,22.15
31,Marquette,Big East,,,15,6,78.4,70.2,8.24,,7.09,,12.75,2.58,15.33,113.09,91.03,22.06
32,Minnesota,Big Ten,,,11,10,70.2,66.1,4.10,,11.18,,5.89,9.38,15.27,110.42,88.25,22.17
33,Indiana,Big Ten,,,15,6,73.5,66.5,7.00,,7.93,,6.86,8.07,14.93,110.64,88.74,21.90
34,Houston,AAC,,21,17,4,74.1,63.5,10.57,,4.27,,6.63,8.21,14.85,112.09,89.87,22.22
35,Wichita State,AAC,,23,17,3,74.6,63.7,10.85,,3.75,,5.83,8.77,14.60,106.22,84.54,21.68
36,Creighton,Big East,,,16,5,77.6,69.0,8.57,,7.33,,10.23,4.25,14.48,114.84,93.73,21.11
37,Florida,SEC,,,12,8,73.2,67.2,6.00,,8.42,,6.44,7.98,14.42,112.21,90.75,21.46
38,Wisconsin,Big Ten,,,12,9,66.3,61.4,4.86,,9.42,,-0.37,14.65,14.28,108.66,86.96,21.70
39,Stanford,Pac-12,,,15,5,71.1,59.7,11.40,,2.59,,3.11,10.88,13.99,105.47,84.35,21.12
40,Mississippi State,SEC,,,13,7,73.0,65.2,7.85,,5.90,,4.92,8.83,13.75,112.51,91.04,21.47
41,Utah State,MWC,,,17,6,77.7,63.7,14.04,,3.70,,5.41,8.29,13.70,107.91,86.98,20.93
42,Saint Mary's (CA),WCC,,,19,4,77.1,65.0,12.17,,2.96,,6.89,6.49,13.37,114.94,93.51,21.43
43,Washington,Pac-12,,,12,10,70.1,63.9,6.18,,7.03,,4.07,9.14,13.21,105.86,85.94,19.92
44,Memphis,AAC,,,15,5,73.7,63.6,10.10,,2.95,,5.90,7.15,13.05,100.97,83.14,17.83
45,Cincinnati,AAC,,,13,7,72.7,64.9,7.80,,5.17,,5.91,7.06,12.97,107.69,87.95,19.74
46,Virginia Commonwealth,A-10,,,16,5,72.7,62.4,10.33,,2.35,,5.07,7.62,12.69,105.80,86.53,19.27
47,Alabama,SEC,,,12,8,82.5,77.3,5.20,,7.28,,14.81,-2.33,12.48,109.21,90.85,18.36
48,Syracuse,ACC,,,13,8,73.2,66.2,7.00,,5.28,,7.60,4.69,12.28,112.93,94.15,18.79
49,Georgetown,Big East,,,12,9,77.3,73.0,4.24,,7.73,,10.60,1.37,11.97,111.21,93.47,17.74
50,Northern Iowa,MVC,,,18,3,77.2,65.0,12.19,,2.73,,7.57,4.37,11.94,113.95,94.87,19.09
51,Tennessee,SEC,,,12,8,66.2,60.0,6.20,,5.69,,-0.76,12.65,11.89,103.24,85.05,18.19
52,Texas Christian,Big 12,,,13,7,69.0,63.1,5.95,,6.43,,2.43,9.16,11.59,107.34,89.76,17.58
53,Oklahoma,Big 12,,,13,7,70.9,67.8,3.15,,8.20,,6.28,5.07,11.35,107.07,89.96,17.12
54,Xavier,Big East,,,13,8,71.8,67.9,3.86,,7.38,,3.95,7.29,11.24,104.67,87.94,16.72
55,North Carolina State,ACC,,,14,7,74.8,68.4,6.38,,4.70,,7.88,3.19,11.08,110.90,94.12,16.78
56,Southern California,Pac-12,,,17,4,73.0,66.7,6.33,,4.74,,5.18,5.89,11.07,104.68,87.50,17.18
57,Virginia,ACC,,,14,6,56.3,50.7,5.55,,5.38,,-10.96,21.89,10.93,97.29,79.39,17.90
58,Notre Dame,ACC,,,12,8,76.6,68.7,7.95,,2.96,,7.25,3.66,10.91,110.20,93.57,16.64
59,Iowa State,Big 12,,,9,11,75.1,72.2,2.85,,7.88,,9.21,1.51,10.73,110.28,94.73,15.55
60,Virginia Tech,ACC,,,14,7,70.9,63.3,7.52,,3.08,,1.73,8.87,10.60,107.81,91.54,16.27
61,Arizona State,Pac-12,,,12,8,72.4,68.6,3.75,,6.82,,4.94,5.63,10.57,101.81,86.73,15.08
62,Rhode Island,A-10,,,15,5,74.2,68.3,5.90,,4.63,,5.94,4.60,10.53,105.33,89.05,16.28
63,Oklahoma State,Big 12,,,10,10,66.6,65.1,1.55,,8.82,,1.77,8.60,10.37,103.12,87.30,15.82
64,Clemson,ACC,,,11,9,68.4,65.3,3.10,,6.95,,1.51,8.54,10.05,104.83,89.55,15.28
65,St. John's (NY),Big East,,,13,9,74.8,69.5,5.27,,4.72,,7.39,2.60,9.99,103.44,89.28,14.17
66,DePaul,Big East,,,13,8,73.6,68.4,5.19,,5.97,,5.62,4.34,9.97,103.77,88.72,15.05
67,Providence,Big East,,,11,10,70.8,66.7,4.10,,5.77,,3.53,6.33,9.86,104.52,89.95,14.57
68,Texas,Big 12,,,13,7,66.0,63.4,2.55,,6.98,,0.29,9.24,9.53,104.33,89.28,15.06
69,Connecticut,AAC,,,11,9,71.2,65.1,6.05,,3.45,,3.38,6.12,9.50,103.47,88.40,15.07
70,Utah,Pac-12,,,12,8,74.2,71.2,3.05,,6.18,,5.87,3.36,9.23,108.48,96.23,12.25
71,Richmond,A-10,,,15,6,75.8,69.8,6.00,,3.15,,6.25,2.90,9.15,109.35,94.50,14.85
72,Oregon State,Pac-12,,,13,8,74.1,68.2,5.90,,3.08,,5.58,3.40,8.98,111.03,97.19,13.84
73,Pittsburgh,ACC,,,13,8,66.4,62.9,3.52,,5.45,,-0.39,9.37,8.97,105.02,91.09,13.93
74,Nevada,MWC,,,13,9,76.2,72.0,4.14,,4.69,,7.71,1.11,8.83,108.62,95.31,13.31
75,North Carolina,ACC,,,10,10,71.6,70.8,0.80,,8.03,,6.37,2.47,8.83,104.37,91.19,13.18
76,Georgia Tech,ACC,,,10,11,67.8,66.6,1.19,,8.95,,1.03,7.77,8.80,100.38,86.74,13.64
77,North Texas,CUSA,,,14,8,71.2,62.0,9.18,,2.54,,0.48,8.31,8.79,109.39,95.30,14.09
78,Kansas State,Big 12,,,9,11,65.6,63.4,2.15,,6.55,,-0.26,8.96,8.70,102.06,88.42,13.63
79,Tulsa,AAC,,,14,6,71.3,64.3,7.00,,1.60,,0.78,7.82,8.60,103.90,89.39,14.51
80,Southern Methodist,AAC,,,15,5,74.9,67.2,7.70,,0.88,,4.85,3.73,8.58,112.83,98.87,13.97
81,South Carolina,SEC,,,12,8,71.2,67.3,3.95,,4.61,,5.79,2.77,8.56,104.54,91.20,13.34
82,Missouri,SEC,,,10,10,66.6,62.6,3.95,,4.56,,0.06,8.45,8.51,103.29,89.87,13.42
83,Boise State,MWC,,,14,8,79.3,70.8,8.55,,3.10,,8.79,-0.40,8.39,108.78,96.00,12.79
84,Akron,MAC (East),,,16,5,77.3,65.9,11.38,,-0.70,,6.85,1.51,8.36,108.31,94.59,13.72
85,Saint Louis,A-10,,,16,5,71.2,65.0,6.24,,2.35,,2.14,6.10,8.25,103.35,90.16,13.18
86,Georgia,SEC,,,11,9,76.4,74.7,1.65,,6.56,,8.64,-0.50,8.14,108.47,96.19,12.28
87,Louisiana Tech,CUSA,,,16,5,75.2,61.0,14.14,,-2.98,,1.69,6.44,8.12,106.54,92.49,14.06
88,San Francisco,WCC,,,16,7,77.2,69.3,7.91,,2.05,,7.59,0.42,8.01,110.85,98.35,12.51
89,North Carolina-Greensboro,Southern,,,17,5,73.4,59.4,14.00,,-1.00,,-0.95,8.85,7.90,101.22,88.12,13.10
90,Yale,Ivy,,,14,4,75.7,62.7,13.00,,-0.26,,1.71,5.97,7.68,102.05,89.57,12.48
91,Colorado State,MWC,,,15,8,75.6,71.5,4.09,,4.32,,7.14,0.31,7.45,107.46,95.92,11.55
92,Duquesne,A-10,,,15,5,70.7,63.2,7.45,,-0.15,,0.33,6.97,7.31,103.23,90.97,12.27
93,Temple,AAC,,,10,10,67.7,65.5,2.20,,5.11,,0.57,6.74,7.31,98.57,87.24,11.33
94,Furman,Southern,,,18,5,77.7,66.3,11.39,,-1.41,,4.59,2.50,7.09,106.05,95.02,11.03
95,Loyola (IL),MVC,,,14,8,69.2,60.8,8.36,,-0.24,,-1.20,8.24,7.04,103.77,91.29,12.48
96,Bradley,MVC,,,15,7,72.5,64.6,7.95,,0.10,,1.80,5.06,6.87,105.75,94.20,11.54
97,East Tennessee State,Southern,,,18,4,76.0,62.4,13.68,,-1.04,,0.35,6.36,6.70,105.25,94.27,10.98
98,Davidson,A-10,,,10,10,71.8,68.3,3.50,,2.95,,3.69,2.76,6.45,109.45,98.23,11.22
99,Liberty,A-Sun,,,20,3,68.0,51.9,16.09,,-6.17,,-6.59,13.04,6.45,103.57,90.81,12.76
100,Vermont,AEC,,,16,6,69.6,58.5,11.09,,-3.05,,-2.01,8.25,6.23,101.39,90.68,10.71
101,UCLA,Pac-12,,,11,10,69.6,68.3,1.24,,6.05,,1.98,4.07,6.05,107.79,98.16,9.63
102,Miami (FL),ACC,,,11,9,71.7,74.5,-2.75,,8.41,,6.54,-0.88,5.66,108.95,99.94,9.01
103,Northwestern,Big Ten,,,6,14,65.5,68.2,-2.65,,8.23,,0.95,4.63,5.58,105.07,95.99,9.08
104,Georgia State,Sun Belt,,,15,7,79.0,70.3,8.73,,0.90,,8.14,-2.59,5.55,104.35,95.33,9.02
105,Mississippi,SEC,,,10,10,68.8,67.8,1.00,,4.53,,1.61,3.92,5.53,103.20,94.15,9.04
106,Wake Forest,ACC,,,9,11,72.4,73.5,-1.10,,6.60,,6.70,-1.20,5.50,106.79,97.62,9.17
107,Kent State,MAC (East),,,15,6,78.3,69.0,9.33,,-1.44,,4.92,0.33,5.25,105.88,97.25,8.63
108,Central Florida,AAC,,,11,9,68.7,66.6,2.10,,3.09,,-0.63,5.82,5.19,100.31,91.54,8.76
109,Nevada-Las Vegas,MWC,,,11,11,71.6,69.8,1.86,,3.11,,4.12,0.86,4.98,107.06,99.20,7.87
110,Ball State,MAC (West),,,11,9,70.7,62.4,8.30,,-1.62,,-2.07,6.87,4.80,99.19,90.52,8.67
111,Washington State,Pac-12,,,13,9,71.0,67.8,3.27,,1.38,,2.63,2.02,4.65,101.64,93.92,7.72
112,Western Kentucky,CUSA,,,14,7,76.6,71.0,5.57,,0.76,,5.56,-1.10,4.46,107.76,100.14,7.63
113,Northern Colorado,Big Sky,,,13,7,74.3,62.6,11.75,,-2.48,,0.94,3.47,4.41,104.92,96.48,8.44
114,Nebraska,Big Ten,,,7,14,72.1,75.4,-3.29,,7.35,,7.73,-3.66,4.07,104.29,97.33,6.96
115,Stephen F. Austin,Southland,,,18,3,80.9,67.0,13.86,,-5.66,,3.41,0.65,4.07,101.17,94.59,6.58
116,Wright State,Horizon,,,18,4,81.5,69.7,11.82,,-6.17,,5.98,-1.95,4.03,102.89,96.31,6.58
117,Belmont,OVC,,,15,7,81.6,69.4,12.27,,-6.52,,5.24,-1.23,4.01,103.81,97.41,6.41
118,Harvard,Ivy,,,13,4,73.5,65.5,8.06,,-1.03,,2.42,1.55,3.98,103.76,96.29,7.47
119,South Florida,AAC,,,9,12,62.2,61.8,0.48,,3.34,,-5.22,9.04,3.82,99.15,92.27,6.89
120,Indiana State,MVC,,,12,8,69.5,67.5,2.00,,2.01,,1.47,2.28,3.74,105.57,98.97,6.61
121,Texas-Arlington,Sun Belt,,,9,13,70.8,68.2,2.59,,3.34,,0.50,3.14,3.64,101.27,94.59,6.68
122,Texas State,Sun Belt,,,13,9,72.1,63.5,8.59,,-0.57,,-2.42,5.80,3.38,102.65,95.97,6.67
123,UC-Irvine,Big West,,,13,9,73.7,65.6,8.09,,-0.64,,0.07,3.05,3.11,100.56,94.83,5.73
124,New Mexico,MWC,,,16,7,79.0,75.9,3.09,,0.80,,7.23,-4.16,3.07,105.78,99.72,6.05
125,South Dakota State,Summit,,,16,8,77.3,69.9,7.33,,-3.18,,3.95,-0.99,2.96,107.35,101.23,6.11
126,New Mexico State,WAC,,,16,6,70.8,60.6,10.23,,-2.30,,-2.77,5.72,2.95,102.99,96.59,6.41
127,Santa Clara,WCC,,,17,6,77.1,70.2,6.91,,-0.32,,4.02,-1.14,2.87,101.77,96.18,5.60
128,Winthrop,Big South,,,15,7,80.8,70.3,10.50,,-4.30,,5.45,-2.60,2.85,102.72,97.80,4.92
129,Little Rock,Sun Belt,,,16,7,71.1,66.5,4.57,,-1.29,,-0.21,2.88,2.67,99.77,95.10,4.67
130,Toledo,MAC (West),,,11,10,77.0,70.9,6.19,,-0.88,,4.06,-1.39,2.67,105.96,101.20,4.76
131,Pacific,WCC,,,16,8,70.2,64.8,5.42,,-0.63,,-2.30,4.85,2.56,102.17,96.72,5.45
132,St. Bonaventure,A-10,,,13,8,67.7,64.9,2.81,,0.76,,-1.78,4.24,2.46,102.32,97.01,5.30
133,College of Charleston,CAA,,,13,9,71.5,67.8,3.68,,-0.20,,0.20,2.22,2.42,104.91,100.60,4.31
134,Northeastern,CAA,,,11,11,72.5,66.6,5.91,,-3.59,,0.94,1.38,2.32,105.51,100.90,4.62
135,Texas A&M,SEC,,,10,9,61.2,63.2,-1.95,,4.05,,-6.12,8.23,2.10,97.61,93.35,4.26
136,University of California,Pac-12,,,9,11,63.1,68.2,-5.10,,7.19,,-3.63,5.72,2.09,98.98,95.06,3.92
137,Southern Utah,Big Sky,,,12,8,74.0,63.7,10.30,,-2.22,,-1.82,3.82,2.01,96.48,92.37,4.11
138,Charlotte,CUSA,,,12,8,67.3,62.9,4.40,,-2.40,,-4.54,6.54,2.00,98.69,93.85,4.85
139,Marshall,CUSA,,,10,12,75.0,72.1,2.91,,0.64,,4.13,-2.16,1.98,99.43,95.41,4.02
140,Buffalo,MAC (East),,,14,7,79.5,75.9,3.62,,-0.03,,7.94,-6.02,1.92,102.97,99.03,3.94
141,Vanderbilt,SEC,,,8,12,72.4,73.8,-1.40,,3.28,,4.48,-2.60,1.88,104.03,100.16,3.88
142,Hawaii,Big West,,,13,6,70.8,67.8,3.05,,-0.50,,0.92,0.87,1.78,102.40,98.47,3.93
143,Fresno State,MWC,,,7,14,68.2,67.7,0.52,,3.47,,-1.88,3.65,1.77,104.36,100.48,3.88
144,Murray State,OVC,,,16,5,77.8,65.2,12.52,,-6.79,,2.51,-0.77,1.74,103.73,99.92,3.81
145,Oral Roberts,Summit,,,11,10,78.6,71.9,6.71,,0.37,,4.98,-3.32,1.67,106.46,102.64,3.82
146,Boston College,ACC,,,10,11,64.5,68.3,-3.86,,5.39,,-2.01,3.54,1.53,96.43,93.23,3.20
147,Pepperdine,WCC,,,11,11,77.2,78.2,-1.00,,2.52,,8.10,-6.58,1.52,107.57,104.27,3.29
148,Bowling Green State,MAC (East),,,16,5,75.3,71.3,4.00,,-0.80,,4.26,-2.91,1.35,103.28,100.03,3.26
149,Northern Kentucky,Horizon,,,14,7,73.8,65.7,8.10,,-3.42,,-1.33,2.65,1.32,102.14,98.46,3.68
150,Drake,MVC,,,15,7,70.1,65.5,4.68,,-0.75,,-2.58,3.83,1.25,99.55,95.96,3.59
151,Georgia Southern,Sun Belt,,,13,9,76.5,70.8,5.68,,-1.13,,2.98,-2.05,0.93,100.44,97.91,2.53
152,Southern Illinois,MVC,,,12,10,62.6,60.3,2.32,,-0.21,,-7.83,8.71,0.88,97.13,94.30,2.83
153,George Mason,A-10,,,13,8,68.2,67.7,0.52,,0.33,,-1.58,2.43,0.85,100.03,97.55,2.48
154,Pennsylvania,Ivy,,,8,7,76.1,73.6,2.53,,1.52,,2.98,-2.18,0.80,101.91,99.64,2.27
155,Tulane,AAC,,,10,10,68.7,68.7,0.00,,0.79,,-0.16,0.95,0.79,101.64,99.81,1.83
156,Air Force,MWC,,,9,13,75.1,73.3,1.86,,1.44,,5.36,-4.68,0.68,108.85,106.59,2.25
157,Stony Brook,AEC,,,14,8,71.7,66.0,5.68,,-3.16,,0.80,-0.25,0.56,98.80,96.90,1.90
158,North Dakota State,Summit,,,15,7,73.1,64.9,8.27,,-3.85,,-2.22,2.77,0.55,102.58,100.02,2.56
159,Austin Peay,OVC,,,15,7,78.8,72.1,6.64,,-3.79,,3.62,-3.20,0.41,107.17,104.80,2.37
160,Texas-El Paso,CUSA,,,13,9,68.4,65.3,3.05,,-0.12,,-5.02,5.42,0.41,95.82,93.21,2.61
161,Hofstra,CAA,,,16,7,76.4,70.0,6.39,,-4.39,,2.41,-2.02,0.38,103.40,101.72,1.68
162,Wofford,Southern,,,14,8,72.7,67.3,5.36,,-2.09,,-1.10,1.46,0.36,104.32,102.65,1.67
163,Colgate,Patriot,,,16,6,75.2,69.6,5.55,,-3.63,,1.76,-1.43,0.32,103.62,101.72,1.90
164,Towson,CAA,,,13,9,70.5,65.9,4.68,,-1.30,,-1.66,1.98,0.32,101.07,99.17,1.91
165,Missouri State,MVC,,,10,12,67.1,67.2,-0.09,,0.37,,-4.03,4.30,0.27,98.46,96.56,1.90
166,La Salle,A-10,,,10,10,68.9,70.1,-1.15,,1.32,,-0.90,1.07,0.17,96.33,94.61,1.71
167,Old Dominion,CUSA,,,9,13,63.5,63.6,-0.09,,0.24,,-6.70,6.86,0.15,94.83,93.03,1.81
168,Massachusetts,A-10,,,9,12,70.6,72.6,-2.00,,2.07,,2.28,-2.22,0.07,101.58,100.18,1.41
169,Eastern Washington,Big Sky,,,13,6,83.4,75.6,7.84,,-0.62,,7.79,-7.82,-0.03,102.16,101.33,0.83
170,Valparaiso,MVC,,,11,11,73.3,72.8,0.50,,0.72,,3.25,-3.29,-0.04,101.69,100.41,1.28
171,Coastal Carolina,Sun Belt,,,11,11,78.0,74.7,3.23,,-0.33,,5.16,-5.49,-0.33,101.92,101.13,0.79
172,Western Carolina,Southern,,,13,7,80.0,74.6,5.40,,-1.72,,7.62,-8.06,-0.44,105.92,105.39,0.53
173,California Baptist,WAC,,,15,6,79.5,69.1,10.38,,-6.70,,1.88,-2.42,-0.53,101.89,101.31,0.58
174,Appalachian State,Sun Belt,,,12,10,68.7,66.4,2.32,,-0.14,,-3.28,2.74,-0.54,97.37,96.70,0.67
175,Chattanooga,Southern,,,14,8,72.6,67.5,5.09,,-2.42,,-1.03,0.32,-0.72,100.71,100.48,0.24
176,Florida International,CUSA,,,14,8,79.4,73.9,5.45,,-2.80,,6.17,-6.92,-0.75,101.56,101.79,-0.23
177,South Alabama,Sun Belt,,,12,11,71.5,68.5,3.00,,0.04,,-1.33,0.52,-0.81,104.28,104.06,0.22
178,William & Mary,CAA,,,16,7,72.5,68.1,4.43,,-2.98,,-0.48,-0.60,-1.07,100.98,101.21,-0.23
179,Montana,Big Sky,,,11,10,69.3,69.9,-0.57,,0.08,,-1.38,0.20,-1.18,97.20,97.60,-0.40
180,Sam Houston State,Southland,,,15,6,80.9,71.0,9.95,,-5.54,,3.53,-4.77,-1.24,99.95,99.85,0.10
181,South Dakota,Summit,,,15,8,78.7,74.4,4.30,,-3.54,,4.87,-6.12,-1.25,107.65,107.68,-0.03
182,Central Michigan,MAC (West),,,11,8,82.3,75.9,6.32,,0.13,,6.44,-7.75,-1.31,101.66,102.09,-0.43
183,Alabama-Birmingham,CUSA,,,13,9,65.3,63.4,1.86,,-1.25,,-6.02,4.57,-1.45,97.66,98.41,-0.75
184,Loyola Marymount,WCC,,,8,14,65.4,67.8,-2.41,,2.80,,-6.35,4.58,-1.77,100.14,102.06,-1.92
185,North Florida,A-Sun,,,13,10,77.3,74.5,2.83,,-0.90,,4.70,-6.51,-1.81,105.78,107.02,-1.24
186,George Washington,A-10,,,10,11,69.2,69.0,0.24,,-2.10,,-1.69,-0.17,-1.87,99.35,100.65,-1.30
187,Arkansas State,Sun Belt,,,15,8,70.5,70.0,0.48,,-1.16,,-0.41,-1.51,-1.92,104.14,105.71,-1.57
188,Radford,Big South,,,12,9,69.8,64.6,5.19,,-2.64,,-4.00,2.04,-1.96,101.05,102.49,-1.44
189,UC-Santa Barbara,Big West,,,13,8,71.5,67.1,4.33,,-4.75,,-2.68,0.61,-2.06,103.53,104.63,-1.10
190,Florida Atlantic,CUSA,,,13,9,71.3,68.2,3.05,,-2.19,,-2.05,-0.04,-2.08,97.73,99.26,-1.53
191,Boston University,Patriot,,,12,10,72.1,68.7,3.45,,-4.40,,-1.58,-0.54,-2.11,100.71,102.58,-1.87
192,Northern Illinois,MAC (West),,,12,9,67.1,64.3,2.81,,-2.86,,-7.80,5.49,-2.31,94.60,96.62,-2.02
193,Ohio,MAC (East),,,10,11,71.3,69.5,1.76,,-0.21,,0.01,-2.33,-2.31,101.79,103.92,-2.13
194,Delaware,CAA,,,15,7,73.9,69.8,4.09,,-4.42,,-0.14,-2.19,-2.33,101.07,102.95,-1.88
195,Sacramento State,Big Sky,,,11,7,60.8,56.6,4.22,,-1.77,,-11.74,9.41,-2.33,90.55,92.31,-1.76
196,Illinois State,MVC,,,7,14,66.1,69.6,-3.52,,2.15,,-2.38,-0.13,-2.50,98.33,100.51,-2.18
197,Northern Arizona,Big Sky,,,11,7,72.3,67.3,4.94,,-1.39,,-1.22,-1.48,-2.70,101.49,103.78,-2.29
198,Portland State,Big Sky,,,11,12,77.7,75.0,2.70,,-1.97,,5.09,-7.82,-2.73,104.59,107.31,-2.72
199,Texas-San Antonio,CUSA,,,10,12,78.4,76.9,1.55,,0.69,,7.88,-10.67,-2.79,104.02,106.12,-2.10
200,East Carolina,AAC,,,9,12,68.9,71.2,-2.38,,-0.82,,-0.50,-2.69,-3.20,97.28,100.70,-3.42
201,UC-Riverside,Big West,,,14,9,66.9,61.5,5.39,,-4.39,,-7.42,4.03,-3.39,96.48,99.78,-3.29
202,Princeton,Ivy,,,7,8,72.9,72.2,0.67,,-0.83,,0.21,-3.62,-3.41,102.72,106.29,-3.57
203,Abilene Christian,Southland,,,11,9,75.4,64.6,10.80,,-3.18,,-2.78,-0.66,-3.43,94.61,98.10,-3.50
204,Siena,MAAC,,,9,9,72.7,71.7,0.94,,-4.44,,0.82,-4.31,-3.50,100.83,104.11,-3.28
205,San Diego,WCC,,,8,15,65.6,70.9,-5.30,,3.05,,-4.68,1.01,-3.67,92.17,95.97,-3.80
206,Nicholls State,Southland,,,14,8,76.5,67.9,8.59,,-3.88,,-3.70,-0.01,-3.71,94.05,96.86,-2.81
207,Lafayette,Patriot,,,13,7,73.1,69.4,3.70,,-5.56,,-1.92,-1.86,-3.77,101.06,104.86,-3.80
208,Montana State,Big Sky,,,11,9,67.6,65.9,1.65,,-1.94,,-5.45,1.51,-3.94,94.51,98.49,-3.99
209,Brown,Ivy,,,7,8,68.5,71.1,-2.67,,0.67,,-1.93,-2.11,-4.04,95.65,100.34,-4.69
210,Seattle,WAC,,,11,11,74.5,71.4,3.05,,-4.02,,-1.01,-3.06,-4.07,97.28,101.92,-4.64
211,Rider,MAAC,,,11,8,72.9,71.8,1.11,,-5.20,,0.92,-5.01,-4.09,98.99,103.37,-4.38
212,Drexel,CAA,,,12,10,68.7,69.2,-0.55,,-1.97,,-2.65,-1.47,-4.11,97.25,102.03,-4.78
213,Omaha,Summit,,,12,10,73.2,76.2,-3.00,,-0.10,,0.82,-4.96,-4.14,100.81,105.01,-4.20
214,Bryant,NEC,,,10,11,71.6,68.6,2.95,,-4.83,,-0.83,-3.35,-4.18,96.07,100.32,-4.25
215,Prairie View,SWAC,,,10,10,72.1,70.6,1.50,,-2.93,,-2.12,-2.09,-4.21,94.26,98.41,-4.15
216,Dartmouth,Ivy,,,7,10,66.9,64.8,2.12,,-3.66,,-7.05,2.58,-4.47,92.91,97.82,-4.90
217,Miami (OH),MAC (East),,,9,11,74.6,72.9,1.75,,-0.75,,0.32,-4.79,-4.47,102.56,107.27,-4.71
218,Eastern Illinois,OVC,,,11,10,75.5,68.3,7.14,,-7.48,,-2.83,-1.64,-4.48,95.44,100.76,-5.31
219,Mercer,Southern,,,11,11,72.6,71.4,1.23,,-3.12,,-2.28,-2.44,-4.72,97.89,103.07,-5.17
220,Wyoming,MWC,,,5,17,59.3,67.3,-8.05,,4.25,,-10.23,5.39,-4.84,90.49,97.46,-6.97
221,Cal State Bakersfield,WAC,,,10,12,71.2,68.8,2.36,,-1.27,,-4.06,-0.79,-4.85,96.97,102.26,-5.30
222,Saint Francis (PA),NEC,,,13,8,77.9,73.9,4.00,,-6.60,,1.72,-6.57,-4.85,101.62,107.34,-5.72
223,Navy,Patriot,,,12,8,64.3,61.8,2.50,,-5.94,,-8.82,3.88,-4.94,95.74,101.19,-5.46
224,Grand Canyon,WAC,,,9,12,69.2,71.7,-2.48,,-2.84,,-0.98,-4.01,-4.99,100.78,106.38,-5.60
225,Fordham,A-10,,,7,13,58.3,60.7,-2.35,,-2.74,,-12.96,7.87,-5.09,87.47,93.79,-6.31
226,Monmouth,MAAC,,,12,8,69.9,70.6,-0.65,,-4.61,,-0.96,-4.30,-5.26,94.31,100.31,-6.00
227,Portland,WCC,,,9,14,68.0,70.2,-2.22,,0.55,,-4.16,-1.14,-5.30,94.96,100.99,-6.03
228,Robert Morris,NEC,,,11,11,69.3,67.8,1.50,,-4.96,,-5.44,0.15,-5.30,96.03,102.16,-6.13
229,Sacred Heart,NEC,,,13,9,74.3,69.7,4.59,,-8.10,,-1.16,-4.22,-5.38,96.91,103.16,-6.25
230,Canisius,MAAC,,,8,12,69.7,70.8,-1.10,,-4.33,,-2.13,-3.30,-5.43,94.49,101.04,-6.54
231,Louisiana,Sun Belt,,,9,13,70.5,74.0,-3.50,,-0.50,,-0.36,-5.14,-5.50,96.99,103.47,-6.49
232,Missouri-Kansas City,WAC,,,11,11,71.3,67.7,3.64,,-0.20,,-4.57,-1.11,-5.67,94.76,101.32,-6.55
233,Tennessee State,OVC,,,13,9,75.0,73.0,1.95,,-5.37,,0.18,-5.85,-5.67,98.49,104.91,-6.42
234,Saint Joseph's,A-10,,,4,17,70.2,81.5,-11.33,,5.63,,3.53,-9.24,-5.71,99.28,105.30,-6.02
235,Saint Peter's,MAAC,,,8,10,64.5,64.7,-0.22,,-5.52,,-9.62,3.89,-5.74,89.25,95.53,-6.28
236,Eastern Michigan,MAC (West),,,10,10,65.1,63.4,1.70,,1.00,,-10.57,4.82,-5.75,86.36,92.26,-5.89
237,Green Bay,Horizon,,,10,12,81.9,80.7,1.18,,-1.58,,7.69,-13.62,-5.93,104.20,110.48,-6.27
238,UC-Davis,Big West,,,8,14,71.6,70.8,0.82,,-1.55,,-1.30,-4.65,-5.95,99.42,106.43,-7.01
239,American,Patriot,,,10,10,71.9,72.2,-0.30,,-5.71,,-2.16,-3.85,-6.01,97.15,104.19,-7.04
240,Illinois-Chicago,Horizon,,,10,13,68.1,71.3,-3.22,,-2.53,,-3.56,-2.47,-6.03,94.88,101.58,-6.70
241,Western Michigan,MAC (West),,,9,11,71.4,73.1,-1.65,,-0.36,,-2.12,-3.91,-6.03,98.71,105.99,-7.29
242,Jacksonville,A-Sun,,,10,13,66.0,65.4,0.52,,-5.14,,-8.49,2.39,-6.10,89.79,97.28,-7.49
243,Rice,CUSA,,,9,13,72.9,75.7,-2.82,,-0.17,,0.24,-6.42,-6.17,98.88,105.34,-6.46
244,Quinnipiac,MAAC,,,10,8,70.4,69.9,0.56,,-6.75,,-2.25,-3.94,-6.19,98.90,106.36,-7.46
245,McNeese State,Southland,,,12,9,81.3,72.6,8.71,,-4.58,,1.13,-7.35,-6.22,101.96,108.53,-6.57
246,Southern Mississippi,CUSA,,,6,16,66.9,73.7,-6.77,,4.40,,-5.02,-1.43,-6.44,95.30,103.29,-7.99
247,Norfolk State,MEAC,,,10,11,70.2,64.6,5.57,,-5.79,,-8.14,1.58,-6.56,91.87,100.30,-8.44
248,North Dakota,Summit,,,10,13,75.6,73.7,1.87,,-1.30,,-1.16,-5.44,-6.60,99.89,107.61,-7.72
249,Oakland,Horizon,,,7,15,64.7,68.8,-4.05,,-1.10,,-7.89,1.22,-6.67,92.80,100.68,-7.88
250,Cal State Fullerton,Big West,,,8,14,67.0,69.0,-2.00,,-0.94,,-5.21,-1.48,-6.69,91.75,99.89,-8.13
251,Youngstown State,Horizon,,,12,11,72.5,71.7,0.74,,-3.99,,-2.88,-3.82,-6.70,96.23,104.18,-7.95
252,Fairfield,MAAC,,,8,11,61.2,63.5,-2.32,,-4.40,,-10.59,3.88,-6.71,90.57,98.99,-8.41
253,Milwaukee,Horizon,,,10,11,72.4,73.0,-0.57,,-2.94,,-1.02,-5.71,-6.73,95.08,102.88,-7.80
254,San Jose State,MWC,,,7,15,69.8,79.8,-9.95,,4.88,,0.04,-6.78,-6.74,95.46,103.18,-7.71
255,Albany (NY),AEC,,,12,10,68.4,67.8,0.64,,-6.41,,-5.33,-1.65,-6.98,93.37,102.16,-8.79
256,Long Island University,NEC,,,10,11,78.0,78.0,0.10,,-5.10,,2.51,-9.56,-7.05,97.09,105.43,-8.34
257,Mount St. Mary's,NEC,,,9,12,64.0,64.6,-0.52,,-5.76,,-10.00,2.83,-7.16,92.44,101.60,-9.15
258,Bucknell,Patriot,,,9,13,69.2,73.7,-4.45,,-2.91,,-2.61,-4.76,-7.37,95.39,104.15,-8.75
259,Manhattan,MAAC,,,8,9,63.8,64.8,-1.06,,-6.34,,-9.68,2.28,-7.40,87.94,97.34,-9.40
260,Jacksonville State,OVC,,,9,13,72.6,68.5,4.05,,-5.27,,-5.78,-1.73,-7.52,92.71,101.73,-9.02
261,Merrimack,NEC,,,14,8,63.0,60.8,2.27,,-5.43,,-11.40,3.88,-7.53,90.17,99.17,-9.01
262,Texas Southern,SWAC,,,9,11,70.8,76.0,-5.15,,-0.12,,0.07,-7.61,-7.54,93.78,101.69,-7.91
263,Gardner-Webb,Big South,,,8,12,70.3,72.5,-2.20,,-3.05,,-3.33,-4.28,-7.61,94.82,104.31,-9.49
264,Evansville,MVC,,,9,13,69.2,75.0,-5.77,,-0.76,,-2.69,-4.98,-7.66,94.70,104.84,-10.13
265,Hartford,AEC,,,12,10,66.6,67.4,-0.77,,-5.73,,-7.29,-0.39,-7.68,90.33,100.18,-9.85
266,Weber State,Big Sky,,,8,13,71.3,70.6,0.67,,0.55,,-4.61,-3.34,-7.95,95.34,106.00,-10.66
267,VMI,Southern,,,6,17,72.2,69.6,2.65,,-3.04,,-1.99,-6.00,-7.99,96.33,106.29,-9.97
268,Cal State Northridge,Big West,,,9,14,75.0,78.7,-3.70,,-0.67,,1.31,-9.32,-8.01,100.49,109.51,-9.02
269,Lamar,Southland,,,10,11,70.7,68.1,2.62,,-5.11,,-5.41,-2.65,-8.06,91.17,100.62,-9.45
270,Louisiana-Monroe,Sun Belt,,,6,14,62.6,67.7,-5.15,,0.12,,-8.66,0.50,-8.16,93.31,103.72,-10.41
271,Purdue-Fort Wayne,Summit,,,10,13,69.8,70.9,-1.09,,-2.94,,-5.39,-2.85,-8.24,94.11,104.27,-10.16
272,North Alabama,A-Sun,,,10,11,68.3,68.5,-0.24,,-4.93,,-5.65,-2.65,-8.30,91.05,101.16,-10.12
273,Utah Valley,WAC,,,9,14,68.9,69.9,-1.00,,-4.04,,-4.77,-3.58,-8.34,92.59,102.80,-10.22
274,Texas-Rio Grande Valley,WAC,,,6,14,71.6,71.2,0.40,,-1.80,,-2.20,-6.18,-8.38,94.58,104.55,-9.96
275,Idaho State,Big Sky,,,6,13,68.3,70.0,-1.74,,-1.16,,-4.77,-3.68,-8.45,95.59,107.04,-11.45
276,North Carolina-Asheville,Big South,,,9,11,76.4,74.0,2.35,,-7.47,,0.05,-8.57,-8.52,96.82,107.50,-10.68
277,Detroit Mercy,Horizon,,,6,16,69.0,76.9,-7.82,,-0.79,,-2.01,-6.60,-8.61,96.28,106.61,-10.34
278,Cal State Long Beach,Big West,,,7,15,68.0,76.6,-8.55,,3.12,,-1.64,-6.99,-8.63,94.68,104.72,-10.04
279,Troy,Sun Belt,,,8,15,69.0,72.1,-3.13,,-1.54,,-3.96,-4.72,-8.68,93.68,104.31,-10.63
280,Lipscomb,A-Sun,,,8,13,71.4,72.6,-1.24,,-3.53,,-1.72,-7.02,-8.74,96.83,107.97,-11.14
281,New Hampshire,AEC,,,10,10,69.2,65.8,3.45,,-6.08,,-6.50,-2.30,-8.80,88.81,99.95,-11.14
282,James Madison,CAA,,,8,13,73.6,77.3,-3.71,,-2.56,,3.48,-12.34,-8.86,97.73,108.51,-10.78
283,Massachusetts-Lowell,AEC,,,8,14,75.4,77.2,-1.82,,-5.01,,3.13,-12.09,-8.96,98.60,109.92,-11.32
284,Campbell,Big South,,,11,10,69.5,67.0,2.57,,-7.83,,-7.85,-1.19,-9.04,93.28,104.61,-11.32
285,Columbia,Ivy,,,6,12,66.8,69.1,-2.22,,-4.97,,-5.82,-3.26,-9.09,90.87,101.96,-11.09
286,Cornell,Ivy,,,4,11,66.8,67.7,-0.93,,-2.94,,-7.47,-1.86,-9.33,94.66,107.53,-12.87
287,Iona,MAAC,,,5,10,69.3,74.1,-4.73,,-4.66,,-1.66,-7.74,-9.40,96.39,107.62,-11.23
288,Army,Patriot,,,10,10,70.7,71.8,-1.10,,-6.42,,-4.12,-5.40,-9.52,93.21,105.15,-11.93
289,Middle Tennessee,CUSA,,,5,17,71.4,76.0,-4.59,,2.01,,-2.32,-7.30,-9.62,94.79,106.52,-11.73
290,North Carolina A&T,MEAC,,,10,12,70.6,72.7,-2.14,,-4.44,,-4.16,-5.47,-9.63,89.02,101.83,-12.81
291,Bethune-Cookman,MEAC,,,10,11,75.8,74.1,1.67,,-6.24,,0.70,-10.78,-10.07,95.42,107.82,-12.39
292,NJIT,A-Sun,,,7,14,64.6,68.5,-3.90,,-4.72,,-7.47,-2.75,-10.22,93.39,106.34,-12.95
293,North Carolina-Wilmington,CAA,,,7,16,69.7,72.5,-2.83,,-0.27,,-7.33,-2.99,-10.32,90.61,104.20,-13.59
294,Texas A&M-Corpus Christi,Southland,,,9,13,63.4,66.4,-3.05,,-5.16,,-11.98,1.56,-10.41,90.30,102.88,-12.59
295,Niagara,MAAC,,,6,13,66.6,74.8,-8.26,,-2.16,,-4.05,-6.38,-10.43,97.68,111.56,-13.88
296,Cal Poly,Big West,,,5,15,65.2,73.9,-8.65,,1.69,,-6.23,-4.30,-10.53,91.24,105.57,-14.33
297,Elon,CAA,,,6,17,68.2,72.7,-4.57,,-1.49,,-6.14,-4.50,-10.64,93.95,107.76,-13.81
298,Idaho,Big Sky,,,5,14,65.7,70.3,-4.58,,-2.23,,-9.05,-1.59,-10.64,87.87,101.80,-13.93
299,Denver,Summit,,,5,18,68.1,75.7,-7.61,,-1.93,,-3.59,-7.07,-10.65,92.50,105.71,-13.21
300,Morehead State,OVC,,,10,12,69.9,68.9,1.00,,-6.58,,-6.02,-4.66,-10.68,92.50,106.30,-13.80
301,Stetson,A-Sun,,,11,12,63.6,65.9,-2.26,,-5.11,,-11.38,0.46,-10.92,91.92,106.36,-14.43
302,Maryland-Baltimore County,AEC,,,9,13,69.0,67.5,1.45,,-4.18,,-7.73,-3.23,-10.96,92.27,106.28,-14.01
303,Cleveland State,Horizon,,,9,14,63.7,71.6,-7.83,,-1.91,,-9.47,-1.75,-11.22,88.65,102.62,-13.97
304,Florida Gulf Coast,A-Sun,,,7,16,61.9,67.5,-5.65,,-3.33,,-10.40,-0.84,-11.23,87.60,102.47,-14.86
305,Samford,Southern,,,8,15,75.2,80.0,-4.83,,-0.84,,1.15,-12.39,-11.24,97.39,110.39,-13.00
306,North Carolina Central,MEAC,,,8,12,67.4,65.2,2.20,,-5.05,,-11.02,-0.27,-11.29,88.15,102.96,-14.81
307,Alcorn State,SWAC,,,10,9,77.3,71.7,5.58,,-6.07,,-3.92,-7.41,-11.34,93.29,107.38,-14.09
308,Central Arkansas,Southland,,,6,15,75.0,85.2,-10.19,,0.36,,3.44,-14.77,-11.34,95.44,107.63,-12.20
309,Loyola (MD),Patriot,,,9,13,72.9,76.2,-3.32,,-6.61,,-1.50,-9.88,-11.37,95.58,109.82,-14.25
310,St. Francis (NY),NEC,,,10,11,70.2,71.0,-0.86,,-7.37,,-5.82,-5.65,-11.47,90.46,105.34,-14.89
311,Lehigh,Patriot,,,5,16,67.7,73.5,-5.81,,-2.35,,-5.10,-6.62,-11.72,92.37,108.13,-15.76
312,Eastern Kentucky,OVC,,,10,12,75.5,77.1,-1.59,,-3.97,,-0.96,-10.86,-11.82,92.27,106.58,-14.31
313,Florida A&M,MEAC,,,6,13,64.4,74.3,-9.89,,-2.13,,-6.27,-5.76,-12.03,89.75,104.71,-14.96
314,Citadel,Southern,,,6,14,78.5,79.7,-1.25,,-1.35,,1.81,-13.87,-12.06,92.89,107.60,-14.71
315,South Carolina Upstate,Big South,,,9,13,69.0,73.5,-4.50,,-4.50,,-6.70,-5.70,-12.40,91.98,109.14,-17.16
316,Morgan State,MEAC,,,11,12,70.6,71.7,-1.13,,-6.84,,-5.57,-6.92,-12.49,89.26,105.00,-15.74
317,Charleston Southern,Big South,,,11,10,70.0,72.6,-2.67,,-5.14,,-7.72,-4.80,-12.51,91.74,107.46,-15.72
318,Northwestern State,Southland,,,8,11,72.6,75.1,-2.42,,-5.08,,-3.41,-9.18,-12.58,90.45,105.75,-15.30
319,Southern,SWAC,,,8,13,67.8,70.3,-2.48,,-5.57,,-9.52,-3.16,-12.68,91.97,108.40,-16.42
320,Grambling,SWAC,,,9,11,72.7,70.8,1.90,,-4.75,,-7.73,-4.96,-12.69,88.43,104.81,-16.38
321,Fairleigh Dickinson,NEC,,,5,15,69.6,75.3,-5.75,,-4.20,,-4.25,-8.58,-12.83,96.07,113.19,-17.12
322,Tennessee-Martin,OVC,,,6,14,77.3,84.5,-7.20,,-0.50,,2.68,-15.51,-12.83,104.02,120.42,-16.40
323,Coppin State,MEAC,,,6,16,67.6,75.9,-8.27,,-4.76,,-4.21,-8.83,-13.03,86.27,102.80,-16.53
324,Hampton,Big South,,,9,11,78.2,80.1,-1.85,,-3.24,,3.12,-16.48,-13.36,100.51,117.40,-16.89
325,New Orleans,Southland,,,6,15,75.9,76.9,-1.05,,-1.39,,-3.47,-9.91,-13.39,94.30,110.78,-16.48
326,Jackson State,SWAC,,,6,14,65.7,72.1,-6.40,,-2.77,,-8.64,-4.85,-13.49,88.48,105.36,-16.87
327,Maine,AEC,,,6,15,61.3,69.5,-8.24,,-2.90,,-10.18,-3.37,-13.55,89.35,109.02,-19.67
328,Longwood,Big South,,,7,15,67.5,70.0,-2.45,,-8.53,,-7.11,-6.47,-13.58,87.61,105.41,-17.80
329,Western Illinois,Summit,,,5,14,75.3,80.7,-5.47,,-2.90,,0.32,-13.93,-13.61,95.76,113.07,-17.31
330,Wagner,NEC,,,5,15,69.3,77.1,-7.85,,-3.96,,-3.83,-9.97,-13.80,95.20,112.54,-17.34
331,South Carolina State,MEAC,,,9,10,70.8,75.7,-4.95,,-6.29,,-4.58,-9.53,-14.12,94.17,113.14,-18.97
332,IUPUI,Horizon,,,6,17,69.1,77.6,-8.43,,-3.22,,-2.32,-11.90,-14.22,94.01,112.88,-18.87
333,Southeast Missouri State,OVC,,,4,18,65.6,75.7,-10.05,,-2.50,,-7.16,-7.20,-14.35,91.92,111.49,-19.57
334,Presbyterian,Big South,,,8,14,66.3,72.2,-5.86,,-5.60,,-8.25,-6.46,-14.70,91.52,111.85,-20.33
335,Marist,MAAC,,,4,14,59.5,67.3,-7.83,,-7.09,,-13.48,-1.44,-14.92,84.58,105.21,-20.63
336,Southeastern Louisiana,Southland,,,6,15,67.0,76.6,-9.57,,-3.00,,-5.91,-9.31,-15.22,88.06,107.05,-19.00
337,Tennessee Tech,OVC,,,5,17,65.0,73.8,-8.82,,-2.94,,-10.06,-5.19,-15.24,87.67,108.27,-20.60
338,Binghamton,AEC,,,8,13,69.8,76.4,-6.57,,-4.30,,-4.42,-11.04,-15.46,94.70,115.43,-20.73
339,SIU Edwardsville,OVC,,,5,17,67.2,73.8,-6.55,,-5.57,,-7.96,-7.67,-15.62,88.53,109.38,-20.84
340,Holy Cross,Patriot,,,3,19,67.8,80.5,-12.68,,-3.65,,-3.42,-13.37,-16.79,95.04,117.19,-22.15
341,Alabama A&M,SWAC,,,5,13,63.6,74.3,-10.72,,-6.43,,-9.37,-7.79,-17.15,86.18,107.81,-21.63
342,Alabama State,SWAC,,,3,17,60.4,75.1,-14.70,,-2.61,,-11.08,-6.24,-17.31,86.27,109.29,-23.02
343,High Point,Big South,,,6,16,64.8,75.6,-10.86,,-3.47,,-10.11,-7.47,-17.57,91.16,115.03,-23.87
344,Houston Baptist,Southland,,,1,17,81.9,100.3,-18.33,,-0.58,,9.47,-28.39,-18.92,101.25,122.68,-21.44
345,Arkansas-Pine Bluff,SWAC,,,3,16,53.2,71.2,-17.95,,-1.45,,-18.05,-2.78,-20.83,77.11,105.73,-28.62
346,Incarnate Word,Southland,,,5,15,65.5,73.8,-8.30,,-6.03,,-12.84,-8.01,-20.86,85.55,113.13,-27.57
347,Howard,MEAC,,,2,20,69.7,82.3,-12.64,,-4.62,,-4.64,-16.62,-21.27,90.08,117.93,-27.85
348,Kennesaw State,A-Sun,,,1,20,56.3,76.6,-20.24,,-2.02,,-14.52,-7.74,-22.26,79.96,110.69,-30.73
349,Maryland-Eastern Shore,MEAC,,,2,19,54.4,72.4,-18.00,,-1.42,,-15.88,-6.74,-22.62,78.01,108.80,-30.78
350,Delaware State,MEAC,,,2,17,70.2,83.8,-13.63,,-5.47,,-4.22,-18.55,-22.76,86.64,115.30,-28.66
351,Central Connecticut State,NEC,,,2,21,61.9,78.7,-16.83,,-3.71,,-11.19,-11.65,-22.85,83.73,114.20,-30.48
352,Chicago State,WAC,,,4,18,63.9,84.0,-20.09,,-2.48,,-11.26,-18.07,-29.33,82.84,122.08,-39.25
353,Mississippi Valley State,SWAC,,,1,18,66.4,92.6,-26.21,,-3.87,,-6.28,-23.80,-30.08,82.10,116.91,-34.81
